x,y,t,polarity
101.0,85.0,0.8154200009999999,1.0
4.0,150.0,0.815423,0.0
100.0,83.0,0.8154790009999999,0.0
212.0,135.0,0.815488,0.0
64.0,132.0,0.815504001,0.0
34.0,66.0,0.8155100009999999,0.0
37.0,111.0,0.815512,1.0
183.0,68.0,0.815513,0.0
170.0,46.0,0.8155140009999999,0.0
67.0,83.0,0.81552,0.0
59.0,149.0,0.815534001,1.0
176.0,99.0,0.815538,1.0
187.0,135.0,0.815557,1.0
169.0,94.0,0.815557,1.0
167.0,84.0,0.815563,1.0
100.0,161.0,0.8155670009999999,1.0
18.0,178.0,0.815569,1.0
8.0,179.0,0.815581,0.0
52.0,143.0,0.815594,1.0
56.0,60.0,0.815604001,0.0
16.0,172.0,0.8156050009999999,0.0
38.0,33.0,0.8156370009999999,0.0
218.0,76.0,0.815647,0.0
8.0,160.0,0.8156630009999999,0.0
77.0,168.0,0.815674001,1.0
203.0,76.0,0.815708,0.0
211.0,165.0,0.81571,0.0
107.0,61.0,0.815731001,0.0
182.0,76.0,0.815742,0.0
16.0,175.0,0.815750001,0.0
192.0,69.0,0.815755,0.0
11.0,94.0,0.815763001,1.0
21.0,89.0,0.8157640009999999,0.0
128.0,68.0,0.8157750009999999,0.0
40.0,123.0,0.815787,0.0
95.0,86.0,0.815793,1.0
39.0,31.0,0.8158030009999999,0.0
170.0,44.0,0.815804,0.0
88.0,172.0,0.8158070009999999,1.0
41.0,148.0,0.815808001,0.0
177.0,98.0,0.815808001,1.0
68.0,82.0,0.815817,1.0
179.0,92.0,0.815825,0.0
172.0,10.0,0.815847001,0.0
30.0,154.0,0.815855,0.0
199.0,54.0,0.815857,1.0
213.0,129.0,0.8158730009999999,0.0
127.0,177.0,0.81588,0.0
138.0,118.0,0.815882,1.0
167.0,63.0,0.8158920009999999,0.0
173.0,91.0,0.815906,0.0
179.0,81.0,0.8159230009999999,0.0
127.0,76.0,0.8159300009999999,0.0
86.0,24.0,0.815936001,1.0
136.0,71.0,0.815937,0.0
202.0,23.0,0.815948001,1.0
14.0,142.0,0.8159490009999999,0.0
197.0,68.0,0.815951,1.0
193.0,96.0,0.815951,0.0
171.0,35.0,0.815952,0.0
171.0,26.0,0.815959001,0.0
106.0,166.0,0.815963,1.0
169.0,93.0,0.815994,0.0
64.0,59.0,0.816005001,0.0
17.0,73.0,0.816006001,0.0
30.0,102.0,0.816007,0.0
168.0,97.0,0.816010001,1.0
83.0,111.0,0.8160190009999999,1.0
189.0,82.0,0.8160240009999999,0.0
10.0,94.0,0.816025001,0.0
39.0,40.0,0.816028,0.0
14.0,139.0,0.816037001,0.0
24.0,164.0,0.8160380009999999,0.0
209.0,98.0,0.816073,1.0
178.0,75.0,0.816086001,1.0
214.0,123.0,0.816087001,0.0
55.0,61.0,0.8161070009999999,0.0
24.0,167.0,0.8161240009999999,1.0
194.0,96.0,0.8161270009999999,0.0
49.0,163.0,0.8161320009999999,0.0
29.0,175.0,0.8161380009999999,0.0
39.0,42.0,0.816144001,0.0
1.0,141.0,0.8161580009999999,0.0
209.0,137.0,0.8161650009999999,0.0
70.0,94.0,0.8161690009999999,1.0
116.0,64.0,0.816187,0.0
96.0,84.0,0.8161880009999999,0.0
41.0,52.0,0.816212,0.0
171.0,23.0,0.816214001,0.0
14.0,159.0,0.816224,1.0
169.0,61.0,0.8162470009999999,0.0
172.0,104.0,0.816252001,0.0
26.0,166.0,0.816256,0.0
27.0,106.0,0.816274,0.0
44.0,164.0,0.816283001,0.0
52.0,178.0,0.8162900009999999,0.0
29.0,101.0,0.816292001,0.0
38.0,30.0,0.816301,0.0
144.0,101.0,0.8163020009999999,0.0
230.0,112.0,0.8163020009999999,0.0
146.0,102.0,0.816312,0.0
22.0,167.0,0.816313,0.0
218.0,104.0,0.8163170009999999,0.0
149.0,103.0,0.8163210009999999,1.0
36.0,102.0,0.816327,1.0
132.0,72.0,0.816334001,0.0
232.0,126.0,0.8163350009999999,0.0
10.0,57.0,0.816337,1.0
172.0,2.0,0.816345,0.0
106.0,46.0,0.816354001,0.0
49.0,165.0,0.816356,1.0
217.0,110.0,0.8163620009999999,0.0
116.0,60.0,0.816365,0.0
172.0,24.0,0.81637,0.0
66.0,171.0,0.816373001,0.0
212.0,133.0,0.816375,0.0
58.0,155.0,0.816384,1.0
30.0,67.0,0.816388,0.0
72.0,67.0,0.816388,1.0
44.0,111.0,0.816392001,1.0
105.0,177.0,0.816430001,0.0
170.0,41.0,0.8164320009999999,0.0
169.0,54.0,0.8164320009999999,0.0
171.0,25.0,0.81644,0.0
22.0,116.0,0.8164430009999999,0.0
0.0,139.0,0.816466,0.0
26.0,108.0,0.816467,0.0
186.0,69.0,0.816499001,0.0
97.0,160.0,0.8165010009999999,0.0
38.0,32.0,0.816511,0.0
106.0,57.0,0.816512001,0.0
68.0,59.0,0.816520001,0.0
202.0,25.0,0.816520001,1.0
54.0,148.0,0.8165210009999999,1.0
202.0,148.0,0.8165210009999999,1.0
3.0,35.0,0.816529,1.0
107.0,43.0,0.816529,0.0
40.0,125.0,0.816562,1.0
95.0,80.0,0.8165630009999999,0.0
45.0,159.0,0.816594,0.0
172.0,29.0,0.816598,0.0
219.0,100.0,0.8166,0.0
196.0,72.0,0.816606,0.0
42.0,52.0,0.816613,0.0
174.0,41.0,0.8166140009999999,0.0
217.0,108.0,0.816632,0.0
216.0,115.0,0.816635001,0.0
215.0,118.0,0.816639001,0.0
16.0,59.0,0.816642,0.0
181.0,73.0,0.816651,0.0
48.0,164.0,0.816665001,1.0
224.0,107.0,0.816669,0.0
38.0,28.0,0.8166790009999999,0.0
6.0,155.0,0.8166840009999999,0.0
33.0,134.0,0.816686001,0.0
200.0,94.0,0.816687,0.0
40.0,122.0,0.816695,0.0
138.0,174.0,0.816702,0.0
134.0,60.0,0.816708,0.0
198.0,60.0,0.816708,1.0
169.0,68.0,0.816708,1.0
27.0,96.0,0.816709001,0.0
26.0,163.0,0.816721,0.0
185.0,117.0,0.8167220009999999,1.0
40.0,154.0,0.816731,1.0
186.0,160.0,0.816731,0.0
109.0,113.0,0.816736001,1.0
216.0,113.0,0.816738,0.0
114.0,50.0,0.81675,1.0
141.0,92.0,0.816752,0.0
66.0,52.0,0.8167680009999999,0.0
13.0,128.0,0.816776,1.0
67.0,81.0,0.816776,0.0
170.0,42.0,0.81679,0.0
54.0,67.0,0.8168070009999999,0.0
84.0,52.0,0.8168110009999999,0.0
172.0,177.0,0.8168180009999999,1.0
11.0,100.0,0.8168230009999999,0.0
164.0,92.0,0.816835,0.0
216.0,114.0,0.816836001,0.0
111.0,51.0,0.816859,0.0
167.0,174.0,0.816877,0.0
110.0,92.0,0.816877,1.0
30.0,103.0,0.8168830009999999,0.0
197.0,101.0,0.816898,0.0
63.0,148.0,0.816902001,0.0
173.0,73.0,0.816920001,0.0
215.0,119.0,0.8169500009999999,0.0
41.0,69.0,0.816951001,0.0
63.0,77.0,0.816973,1.0
20.0,172.0,0.8169890009999999,0.0
141.0,98.0,0.816990001,0.0
22.0,166.0,0.8170080009999999,0.0
216.0,116.0,0.817018,0.0
37.0,118.0,0.817032,0.0
40.0,48.0,0.817045,0.0
214.0,124.0,0.8170460009999999,0.0
120.0,150.0,0.8170580009999999,0.0
42.0,65.0,0.8170610009999999,1.0
115.0,173.0,0.8170730009999999,0.0
203.0,141.0,0.817091001,0.0
156.0,57.0,0.817102,0.0
205.0,94.0,0.8171110009999999,1.0
180.0,108.0,0.817119,0.0
142.0,96.0,0.81712,0.0
195.0,95.0,0.817134,0.0
169.0,55.0,0.817156001,0.0
65.0,54.0,0.8171930009999999,0.0
39.0,39.0,0.817203,0.0
40.0,115.0,0.817209,0.0
78.0,46.0,0.81721,0.0
68.0,163.0,0.817211001,0.0
151.0,68.0,0.8172130009999999,1.0
81.0,64.0,0.8172320009999999,1.0
197.0,69.0,0.817233,1.0
190.0,87.0,0.817241,0.0
167.0,62.0,0.817242,0.0
171.0,90.0,0.8172740009999999,1.0
165.0,96.0,0.8172810009999999,0.0
172.0,81.0,0.817285,1.0
187.0,109.0,0.817295001,1.0
203.0,92.0,0.817311,1.0
184.0,69.0,0.817311,1.0
152.0,147.0,0.817322,0.0
186.0,110.0,0.817356,1.0
140.0,88.0,0.817361,1.0
87.0,23.0,0.817364001,1.0
13.0,60.0,0.8173710009999999,0.0
220.0,92.0,0.817377001,1.0
143.0,100.0,0.8173780009999999,0.0
34.0,144.0,0.817379,0.0
69.0,148.0,0.817379,0.0
22.0,90.0,0.817392,0.0
146.0,103.0,0.817396001,0.0
141.0,77.0,0.817401,0.0
174.0,131.0,0.8174020009999999,1.0
210.0,98.0,0.81742,1.0
56.0,147.0,0.817423001,0.0
87.0,26.0,0.817426,1.0
19.0,155.0,0.817427001,0.0
79.0,179.0,0.8174480009999999,0.0
48.0,158.0,0.8174600009999999,1.0
177.0,102.0,0.817461001,1.0
171.0,42.0,0.817468,0.0
127.0,129.0,0.81747,0.0
136.0,64.0,0.817484001,0.0
50.0,57.0,0.817502,1.0
196.0,87.0,0.817507,0.0
233.0,110.0,0.817514,1.0
12.0,116.0,0.817514,1.0
221.0,148.0,0.817515,0.0
148.0,105.0,0.8175240009999999,1.0
201.0,34.0,0.817528,1.0
178.0,103.0,0.817535001,1.0
216.0,117.0,0.8175360009999999,0.0
171.0,27.0,0.817551,0.0
42.0,171.0,0.817554001,0.0
21.0,87.0,0.8175550009999999,0.0
98.0,165.0,0.8175600009999999,1.0
190.0,77.0,0.8175600009999999,1.0
205.0,133.0,0.817561001,0.0
172.0,0.0,0.8175680009999999,0.0
58.0,59.0,0.817574001,0.0
85.0,111.0,0.8175750009999999,0.0
116.0,49.0,0.817581001,1.0
69.0,143.0,0.8175870009999999,0.0
169.0,64.0,0.817591,0.0
166.0,86.0,0.817601001,1.0
170.0,43.0,0.8176050009999999,0.0
93.0,86.0,0.8176130009999999,0.0
188.0,80.0,0.8176140009999999,0.0
164.0,91.0,0.8176250009999999,0.0
173.0,93.0,0.817629,0.0
165.0,81.0,0.81764,0.0
118.0,162.0,0.817648,0.0
167.0,85.0,0.81766,1.0
168.0,103.0,0.8176640009999999,0.0
175.0,104.0,0.817684,0.0
22.0,114.0,0.817706,0.0
198.0,62.0,0.817709001,1.0
69.0,54.0,0.817719001,1.0
48.0,151.0,0.817724,1.0
55.0,151.0,0.817724,1.0
9.0,95.0,0.8177260009999999,0.0
180.0,73.0,0.8177330009999999,1.0
20.0,174.0,0.8177450009999999,1.0
26.0,175.0,0.817746001,0.0
202.0,28.0,0.81775,1.0
184.0,117.0,0.817756,0.0
218.0,103.0,0.8177570009999999,0.0
173.0,55.0,0.817758001,0.0
68.0,65.0,0.8177640009999999,1.0
164.0,147.0,0.817770001,0.0
168.0,169.0,0.817794,0.0
67.0,79.0,0.817813,1.0
2.0,145.0,0.817814,0.0
206.0,95.0,0.817828001,1.0
146.0,104.0,0.817837,0.0
200.0,92.0,0.817852,0.0
39.0,64.0,0.8178600009999999,0.0
84.0,96.0,0.817902,0.0
10.0,115.0,0.8179380009999999,0.0
25.0,167.0,0.817939,0.0
171.0,22.0,0.8179620009999999,0.0
36.0,129.0,0.817977,0.0
199.0,93.0,0.818002,0.0
168.0,102.0,0.8180200009999999,0.0
147.0,106.0,0.818028,1.0
16.0,110.0,0.818029,0.0
66.0,171.0,0.818029,0.0
172.0,5.0,0.818041,1.0
18.0,77.0,0.818086,0.0
179.0,94.0,0.8180890009999999,1.0
28.0,164.0,0.8180960009999999,1.0
181.0,70.0,0.818099,0.0
19.0,169.0,0.8181070009999999,0.0
186.0,78.0,0.818114001,0.0
176.0,101.0,0.818117,0.0
178.0,76.0,0.818124,1.0
189.0,86.0,0.818142,0.0
59.0,25.0,0.8181470009999999,0.0
110.0,57.0,0.818157,0.0
181.0,117.0,0.818160001,0.0
170.0,40.0,0.8181660009999999,0.0
68.0,86.0,0.818168,0.0
172.0,7.0,0.818181,0.0
131.0,70.0,0.818198001,0.0
188.0,86.0,0.818199,0.0
186.0,68.0,0.818199,0.0
40.0,47.0,0.818211001,0.0
78.0,168.0,0.818211001,0.0
37.0,117.0,0.818212,0.0
10.0,96.0,0.8182160009999999,1.0
80.0,68.0,0.8182170009999999,1.0
181.0,113.0,0.818226,0.0
42.0,104.0,0.818227,0.0
217.0,109.0,0.818231,0.0
88.0,149.0,0.818251,0.0
149.0,66.0,0.818253001,0.0
171.0,24.0,0.8182620009999999,0.0
100.0,177.0,0.818263,0.0
76.0,60.0,0.8182740009999999,1.0
19.0,62.0,0.818294,0.0
168.0,174.0,0.818302,1.0
190.0,68.0,0.818318001,0.0
36.0,128.0,0.818323001,0.0
1.0,143.0,0.8183320009999999,0.0
41.0,70.0,0.818341,0.0
213.0,128.0,0.818342001,0.0
64.0,57.0,0.8183430009999999,0.0
118.0,163.0,0.8183510009999999,0.0
176.0,106.0,0.818353,1.0
89.0,87.0,0.8183620009999999,0.0
213.0,130.0,0.818368001,1.0
22.0,139.0,0.818369001,0.0
42.0,111.0,0.818385,1.0
213.0,131.0,0.818385,0.0
16.0,130.0,0.8183890009999999,1.0
141.0,97.0,0.818391,0.0
129.0,75.0,0.8183940009999999,0.0
197.0,85.0,0.818402,1.0
61.0,58.0,0.818403,0.0
46.0,171.0,0.818405,1.0
139.0,89.0,0.8184060009999999,0.0
12.0,179.0,0.8184130009999999,0.0
40.0,107.0,0.818419001,0.0
26.0,112.0,0.818435,0.0
197.0,80.0,0.81846,1.0
116.0,50.0,0.818466,1.0
29.0,160.0,0.818477001,0.0
143.0,99.0,0.818477001,0.0
106.0,60.0,0.818479,0.0
192.0,142.0,0.81848,1.0
137.0,130.0,0.8184830009999999,0.0
100.0,173.0,0.818489001,1.0
49.0,26.0,0.818503001,0.0
92.0,142.0,0.818511,0.0
187.0,76.0,0.8185220009999999,0.0
188.0,75.0,0.818523,0.0
151.0,69.0,0.818526001,1.0
164.0,133.0,0.81853,0.0
174.0,105.0,0.818542,0.0
201.0,148.0,0.818543,0.0
199.0,53.0,0.8185470009999999,1.0
39.0,151.0,0.8185640009999999,1.0
176.0,9.0,0.818565001,0.0
84.0,22.0,0.818574,0.0
30.0,98.0,0.8185780009999999,0.0
167.0,109.0,0.8185790009999999,0.0
172.0,87.0,0.8185860009999999,0.0
228.0,106.0,0.818594,1.0
54.0,147.0,0.818596001,0.0
139.0,76.0,0.818602,0.0
196.0,164.0,0.8186050009999999,0.0
171.0,100.0,0.8186370009999999,0.0
177.0,95.0,0.818642001,0.0
15.0,113.0,0.818644,1.0
3.0,130.0,0.8186610009999999,1.0
94.0,68.0,0.8186910009999999,0.0
48.0,162.0,0.8186910009999999,1.0
24.0,94.0,0.818692001,0.0
93.0,56.0,0.818713001,0.0
184.0,120.0,0.8187180009999999,1.0
176.0,80.0,0.8187250009999999,0.0
170.0,55.0,0.818736001,0.0
41.0,123.0,0.81876,0.0
74.0,98.0,0.8187610009999999,0.0
97.0,86.0,0.818771,1.0
148.0,104.0,0.818778,1.0
148.0,62.0,0.818779,1.0
28.0,101.0,0.818784,1.0
157.0,175.0,0.818789001,1.0
166.0,90.0,0.818791,0.0
87.0,29.0,0.8188000009999999,1.0
199.0,52.0,0.8188070009999999,1.0
22.0,115.0,0.8188140009999999,0.0
73.0,109.0,0.8188150009999999,0.0
68.0,89.0,0.8188150009999999,0.0
25.0,116.0,0.8188270009999999,1.0
163.0,83.0,0.818828,0.0
134.0,59.0,0.8188330009999999,0.0
134.0,173.0,0.818848,1.0
53.0,141.0,0.818849,0.0
218.0,176.0,0.818863001,0.0
15.0,175.0,0.8188640009999999,1.0
172.0,21.0,0.818878001,0.0
126.0,81.0,0.818882001,0.0
96.0,62.0,0.818887,0.0
116.0,152.0,0.818889001,1.0
174.0,72.0,0.818899,0.0
172.0,76.0,0.8189,0.0
21.0,88.0,0.818901001,0.0
73.0,53.0,0.818909001,1.0
130.0,74.0,0.818909001,0.0
214.0,127.0,0.818925,0.0
109.0,167.0,0.818932,0.0
203.0,9.0,0.818960001,1.0
148.0,63.0,0.8189720009999999,1.0
10.0,54.0,0.818976,1.0
14.0,157.0,0.818979001,1.0
174.0,157.0,0.818979001,0.0
14.0,47.0,0.818979001,1.0
105.0,93.0,0.818988,1.0
164.0,85.0,0.819,0.0
4.0,60.0,0.819001,1.0
70.0,54.0,0.819013,1.0
43.0,151.0,0.8190160009999999,1.0
5.0,128.0,0.819052,0.0
54.0,61.0,0.819057,0.0
7.0,76.0,0.8190690009999999,0.0
54.0,62.0,0.8190730009999999,0.0
181.0,115.0,0.819087001,0.0
56.0,145.0,0.8190930009999999,0.0
178.0,74.0,0.819094001,1.0
60.0,67.0,0.819097,0.0
37.0,119.0,0.819101,0.0
7.0,77.0,0.819135,0.0
89.0,83.0,0.819145001,0.0
116.0,57.0,0.8191500009999999,0.0
143.0,97.0,0.819164001,0.0
94.0,83.0,0.819172,0.0
200.0,150.0,0.819184,0.0
126.0,118.0,0.819185,0.0
20.0,85.0,0.819209,0.0
182.0,69.0,0.819212,0.0
13.0,179.0,0.8192190009999999,0.0
189.0,75.0,0.819221001,0.0
41.0,53.0,0.819226001,0.0
68.0,57.0,0.819229,1.0
23.0,93.0,0.81923,0.0
197.0,67.0,0.819237,1.0
20.0,107.0,0.819238001,0.0
168.0,63.0,0.8192390009999999,0.0
24.0,110.0,0.8192390009999999,0.0
27.0,110.0,0.8192390009999999,0.0
88.0,87.0,0.8192400009999999,0.0
165.0,82.0,0.8192510009999999,0.0
142.0,92.0,0.819253001,1.0
212.0,132.0,0.819257001,0.0
180.0,90.0,0.8192580009999999,0.0
172.0,74.0,0.8192580009999999,0.0
134.0,58.0,0.8192590009999999,0.0
132.0,73.0,0.819268,0.0
63.0,121.0,0.819274,0.0
183.0,83.0,0.819275,0.0
175.0,88.0,0.819287,1.0
40.0,49.0,0.819288,0.0
106.0,92.0,0.819288,0.0
180.0,107.0,0.8192970009999999,0.0
92.0,85.0,0.8193040009999999,0.0
187.0,69.0,0.819306,1.0
8.0,170.0,0.819313,0.0
177.0,104.0,0.819319,0.0
13.0,148.0,0.8193270009999999,1.0
11.0,116.0,0.819339,0.0
186.0,75.0,0.8193590009999999,0.0
180.0,106.0,0.819360001,1.0
182.0,79.0,0.819388,1.0
41.0,54.0,0.819413,0.0
38.0,35.0,0.8194250009999999,0.0
199.0,102.0,0.819430001,1.0
169.0,58.0,0.819431001,0.0
180.0,109.0,0.819439,0.0
99.0,84.0,0.8194480009999999,0.0
88.0,47.0,0.819459,1.0
194.0,74.0,0.8194630009999999,0.0
14.0,64.0,0.819466,0.0
39.0,121.0,0.8194870009999999,0.0
12.0,93.0,0.819503,1.0
90.0,84.0,0.8195060009999999,0.0
87.0,24.0,0.819511001,1.0
170.0,48.0,0.819526001,0.0
179.0,91.0,0.819535,0.0
144.0,142.0,0.819554,0.0
192.0,110.0,0.81956,1.0
76.0,67.0,0.819561,1.0
106.0,59.0,0.8195630009999999,0.0
21.0,156.0,0.819569001,1.0
129.0,81.0,0.8195710009999999,1.0
88.0,43.0,0.819574,1.0
180.0,95.0,0.819578,1.0
23.0,113.0,0.819579,0.0
197.0,76.0,0.819585,1.0
15.0,176.0,0.819589001,0.0
183.0,69.0,0.8195940009999999,0.0
193.0,84.0,0.819603,1.0
188.0,113.0,0.819605,0.0
88.0,49.0,0.819607001,1.0
98.0,61.0,0.819620001,0.0
47.0,66.0,0.81963,0.0
21.0,116.0,0.819631,0.0
94.0,81.0,0.819648,0.0
111.0,50.0,0.819648,0.0
171.0,33.0,0.819649,0.0
216.0,172.0,0.819655,0.0
193.0,98.0,0.819656,0.0
171.0,28.0,0.819663,0.0
152.0,81.0,0.819673,0.0
172.0,106.0,0.8196760009999999,0.0
170.0,45.0,0.819693,0.0
186.0,114.0,0.8197290009999999,1.0
82.0,121.0,0.8197300009999999,1.0
66.0,77.0,0.819735001,0.0
33.0,112.0,0.819746001,0.0
140.0,76.0,0.819747001,0.0
175.0,23.0,0.8197480009999999,0.0
155.0,58.0,0.8197530009999999,1.0
200.0,46.0,0.8197530009999999,1.0
45.0,149.0,0.819754001,0.0
15.0,177.0,0.819755001,0.0
17.0,177.0,0.819755001,1.0
114.0,62.0,0.819756,1.0
40.0,146.0,0.819769,1.0
74.0,67.0,0.819789,1.0
85.0,96.0,0.8197980009999999,0.0
8.0,28.0,0.8197980009999999,0.0
143.0,95.0,0.819813,0.0
218.0,102.0,0.8198180009999999,0.0
71.0,68.0,0.819819,0.0
82.0,97.0,0.819835001,1.0
66.0,78.0,0.819846,0.0
108.0,175.0,0.819847,0.0
95.0,63.0,0.819848001,0.0
89.0,172.0,0.819853,0.0
176.0,109.0,0.81986,0.0
28.0,132.0,0.81987,0.0
26.0,111.0,0.819874001,0.0
152.0,100.0,0.819875001,1.0
28.0,104.0,0.819891,0.0
28.0,165.0,0.819896,0.0
181.0,118.0,0.8199000009999999,0.0
179.0,96.0,0.8199110009999999,0.0
5.0,72.0,0.8199110009999999,0.0
186.0,74.0,0.8199140009999999,1.0
165.0,97.0,0.819916,0.0
8.0,127.0,0.819917,0.0
42.0,124.0,0.8199190009999999,0.0
204.0,139.0,0.819924001,0.0
204.0,134.0,0.819924001,0.0
187.0,114.0,0.819927,1.0
172.0,6.0,0.819933001,0.0
169.0,57.0,0.8199380009999999,0.0
141.0,179.0,0.819939001,0.0
7.0,40.0,0.819948,0.0
106.0,55.0,0.819949,0.0
196.0,95.0,0.8199580009999999,0.0
180.0,92.0,0.819959,1.0
64.0,56.0,0.819992,0.0
172.0,8.0,0.8199950009999999,0.0
142.0,93.0,0.820004,0.0
87.0,96.0,0.8200150009999999,1.0
178.0,73.0,0.8200150009999999,0.0
94.0,69.0,0.820019,1.0
33.0,105.0,0.820028001,0.0
73.0,98.0,0.820036,0.0
218.0,146.0,0.8200460009999999,0.0
186.0,113.0,0.8200460009999999,1.0
21.0,173.0,0.8200470009999999,1.0
167.0,98.0,0.820052001,0.0
39.0,66.0,0.8200530009999999,0.0
172.0,12.0,0.820063,0.0
151.0,81.0,0.8200650009999999,0.0
85.0,177.0,0.820068,0.0
67.0,55.0,0.820069,1.0
172.0,78.0,0.820071001,0.0
112.0,59.0,0.820078001,1.0
28.0,68.0,0.820079001,0.0
21.0,104.0,0.82008,0.0
30.0,112.0,0.820095,0.0
201.0,35.0,0.8201110009999999,1.0
203.0,12.0,0.820124,1.0
46.0,110.0,0.820126,1.0
87.0,31.0,0.820132,1.0
24.0,76.0,0.820132,0.0
10.0,100.0,0.820140001,0.0
52.0,179.0,0.8201470009999999,0.0
180.0,72.0,0.820153001,0.0
172.0,77.0,0.820158,0.0
68.0,88.0,0.820164,0.0
87.0,22.0,0.8201780009999999,1.0
79.0,97.0,0.8202040009999999,0.0
63.0,57.0,0.820207,0.0
66.0,171.0,0.820207,1.0
172.0,13.0,0.820211001,0.0
42.0,140.0,0.8202160009999999,0.0
96.0,178.0,0.820221,0.0
47.0,169.0,0.8202230009999999,1.0
181.0,119.0,0.820230001,0.0
200.0,23.0,0.820233,0.0
179.0,109.0,0.820237001,0.0
11.0,29.0,0.820245,1.0
194.0,178.0,0.820257001,0.0
145.0,74.0,0.8202630009999999,0.0
50.0,145.0,0.8202630009999999,1.0
73.0,107.0,0.820264,0.0
86.0,50.0,0.8202700009999999,1.0
57.0,151.0,0.8202740009999999,0.0
4.0,149.0,0.820278,0.0
164.0,87.0,0.8202890009999999,0.0
215.0,120.0,0.820295001,1.0
21.0,167.0,0.820296,0.0
22.0,111.0,0.820296,0.0
178.0,109.0,0.8203010009999999,0.0
69.0,88.0,0.820309,1.0
142.0,98.0,0.82031,1.0
28.0,139.0,0.820316,0.0
172.0,4.0,0.820316,0.0
12.0,140.0,0.820317,0.0
180.0,97.0,0.8203270009999999,0.0
90.0,95.0,0.82033,0.0
217.0,110.0,0.820335,0.0
234.0,147.0,0.820336,0.0
206.0,78.0,0.8203400009999999,1.0
182.0,71.0,0.820341,0.0
14.0,154.0,0.820346001,1.0
169.0,59.0,0.8203520009999999,0.0
27.0,79.0,0.820354,0.0
164.0,86.0,0.82036,0.0
106.0,45.0,0.820368,0.0
102.0,93.0,0.8204090009999999,0.0
170.0,144.0,0.820414001,0.0
14.0,161.0,0.820415001,0.0
44.0,27.0,0.820418,0.0
10.0,140.0,0.820418,0.0
17.0,74.0,0.820419,0.0
200.0,177.0,0.8204330009999999,0.0
185.0,70.0,0.820449,1.0
15.0,67.0,0.820451,0.0
167.0,82.0,0.820457,1.0
50.0,144.0,0.820462,0.0
91.0,140.0,0.820463,0.0
66.0,24.0,0.8204710009999999,0.0
167.0,63.0,0.820477001,0.0
110.0,150.0,0.8204780009999999,1.0
18.0,176.0,0.82048,1.0
25.0,112.0,0.820487,0.0
167.0,90.0,0.8204900009999999,1.0
165.0,98.0,0.8204910009999999,0.0
165.0,88.0,0.8204970009999999,0.0
179.0,106.0,0.82052,0.0
164.0,90.0,0.820530001,0.0
171.0,88.0,0.820533,1.0
218.0,104.0,0.8205360009999999,0.0
56.0,168.0,0.820566001,0.0
20.0,139.0,0.8205720009999999,0.0
35.0,102.0,0.8205720009999999,0.0
172.0,11.0,0.8205790009999999,0.0
81.0,65.0,0.820585001,1.0
38.0,34.0,0.8205980009999999,0.0
70.0,126.0,0.820600001,0.0
152.0,165.0,0.820602,0.0
81.0,66.0,0.820607,1.0
92.0,171.0,0.8206100009999999,0.0
198.0,61.0,0.8206100009999999,1.0
78.0,97.0,0.8206180009999999,0.0
21.0,90.0,0.820624001,0.0
164.0,89.0,0.8206250009999999,0.0
173.0,54.0,0.8206250009999999,0.0
10.0,69.0,0.820626,1.0
197.0,79.0,0.820627,1.0
170.0,39.0,0.820633,0.0
165.0,95.0,0.8206440009999999,0.0
60.0,144.0,0.820653,0.0
101.0,83.0,0.820654,1.0
142.0,71.0,0.820659,0.0
23.0,141.0,0.82066,1.0
171.0,97.0,0.82066,1.0
195.0,80.0,0.820672,1.0
90.0,85.0,0.820672,1.0
97.0,73.0,0.8206830009999999,1.0
12.0,48.0,0.820686,1.0
68.0,84.0,0.8206950009999999,1.0
177.0,101.0,0.8207020009999999,1.0
21.0,109.0,0.820705,1.0
95.0,94.0,0.8207210009999999,0.0
40.0,46.0,0.820722,0.0
16.0,67.0,0.820722,1.0
31.0,149.0,0.820724,0.0
11.0,42.0,0.8207250009999999,1.0
73.0,61.0,0.820739001,1.0
27.0,105.0,0.820742,0.0
28.0,96.0,0.820748,0.0
206.0,77.0,0.820759001,0.0
164.0,68.0,0.82076,0.0
167.0,110.0,0.820762,0.0
203.0,8.0,0.8207710009999999,1.0
200.0,45.0,0.8207760009999999,1.0
11.0,162.0,0.8207830009999999,1.0
87.0,83.0,0.820789001,1.0
87.0,39.0,0.820789001,1.0
138.0,87.0,0.820790001,0.0
174.0,91.0,0.820793,1.0
0.0,90.0,0.820805,1.0
172.0,9.0,0.820806,0.0
219.0,99.0,0.820812,0.0
200.0,93.0,0.8208150009999999,0.0
106.0,48.0,0.820816001,0.0
29.0,114.0,0.820817,0.0
189.0,82.0,0.8208220009999999,0.0
180.0,176.0,0.820838,0.0
181.0,114.0,0.820840001,0.0
77.0,52.0,0.820843,1.0
171.0,21.0,0.820845,0.0
176.0,4.0,0.820856,0.0
25.0,111.0,0.820856,0.0
57.0,25.0,0.820862,0.0
203.0,11.0,0.8208800009999999,1.0
130.0,78.0,0.8208840009999999,0.0
108.0,49.0,0.8208910009999999,0.0
176.0,98.0,0.820902,1.0
184.0,71.0,0.820902,1.0
192.0,83.0,0.8209040009999999,1.0
30.0,132.0,0.820909001,1.0
145.0,100.0,0.820919,0.0
69.0,92.0,0.8209230009999999,0.0
218.0,105.0,0.820928001,0.0
176.0,3.0,0.820929001,0.0
29.0,99.0,0.8209300009999999,0.0
30.0,100.0,0.8209300009999999,0.0
170.0,49.0,0.8209350009999999,0.0
167.0,97.0,0.8209370009999999,0.0
142.0,105.0,0.820938,0.0
181.0,71.0,0.8209420009999999,0.0
168.0,51.0,0.820944,0.0
37.0,108.0,0.820946,0.0
108.0,60.0,0.820948001,0.0
119.0,119.0,0.8209490009999999,0.0
21.0,89.0,0.820951,0.0
17.0,166.0,0.820963,0.0
217.0,111.0,0.820966001,1.0
171.0,29.0,0.8209680009999999,0.0
107.0,58.0,0.8209810009999999,0.0
67.0,26.0,0.820989,0.0
36.0,68.0,0.82099,0.0
0.0,140.0,0.8209990009999999,0.0
44.0,105.0,0.8210040009999999,0.0
40.0,45.0,0.821005001,0.0
212.0,134.0,0.821006001,0.0
187.0,75.0,0.8210070009999999,0.0
20.0,141.0,0.8210120009999999,0.0
34.0,116.0,0.8210120009999999,0.0
220.0,90.0,0.821013001,0.0
202.0,22.0,0.82102,1.0
137.0,133.0,0.8210310009999999,0.0
150.0,66.0,0.821032001,0.0
156.0,144.0,0.8210380009999999,0.0
163.0,68.0,0.821042,0.0
94.0,94.0,0.8210430009999999,0.0
172.0,92.0,0.821047,0.0
67.0,144.0,0.821054,0.0
178.0,94.0,0.821061,0.0
131.0,78.0,0.821061,0.0
16.0,111.0,0.821067,0.0
9.0,75.0,0.821068001,0.0
168.0,96.0,0.8210700009999999,0.0
201.0,33.0,0.8210770009999999,1.0
36.0,164.0,0.821078,0.0
70.0,166.0,0.82108,0.0
150.0,102.0,0.8210810009999999,1.0
192.0,75.0,0.821082001,0.0
152.0,158.0,0.821091,1.0
165.0,176.0,0.821092,0.0
40.0,121.0,0.821097,0.0
18.0,155.0,0.8211120009999999,0.0
146.0,104.0,0.821113001,0.0
203.0,15.0,0.821118,1.0
44.0,111.0,0.821121001,0.0
184.0,118.0,0.821136,0.0
181.0,73.0,0.8211380009999999,0.0
202.0,96.0,0.8211380009999999,1.0
64.0,155.0,0.8211390009999999,0.0
25.0,108.0,0.8211390009999999,0.0
169.0,56.0,0.82115,0.0
158.0,69.0,0.8211650009999999,0.0
89.0,68.0,0.8211770009999999,0.0
46.0,159.0,0.8211780009999999,0.0
48.0,146.0,0.821179,0.0
133.0,73.0,0.821183001,0.0
60.0,58.0,0.8211890009999999,0.0
64.0,61.0,0.821190001,0.0
15.0,91.0,0.821195001,1.0
141.0,104.0,0.8211960009999999,0.0
201.0,40.0,0.8212010009999999,1.0
35.0,171.0,0.821202001,0.0
98.0,165.0,0.821203001,0.0
178.0,105.0,0.821211,0.0
230.0,107.0,0.821213,1.0
30.0,102.0,0.821222001,0.0
170.0,52.0,0.821229001,0.0
213.0,129.0,0.82123,0.0
42.0,170.0,0.821245,0.0
73.0,158.0,0.821256,0.0
177.0,96.0,0.821257,1.0
54.0,65.0,0.821265001,0.0
108.0,171.0,0.8212660009999999,0.0
115.0,44.0,0.821271001,0.0
69.0,94.0,0.821277,0.0
17.0,174.0,0.821279001,0.0
25.0,109.0,0.821288,0.0
115.0,65.0,0.821294,0.0
85.0,57.0,0.821311001,1.0
149.0,102.0,0.8213160009999999,1.0
143.0,58.0,0.8213170009999999,0.0
38.0,138.0,0.821327,0.0
166.0,97.0,0.82134,1.0
134.0,78.0,0.821344,0.0
40.0,48.0,0.821346,0.0
132.0,80.0,0.821353,1.0
196.0,163.0,0.821353,0.0
60.0,59.0,0.8213630009999999,0.0
130.0,77.0,0.821365,1.0
24.0,112.0,0.821376,0.0
146.0,102.0,0.821377,0.0
44.0,173.0,0.821387001,1.0
76.0,122.0,0.821388001,0.0
39.0,41.0,0.8213940009999999,0.0
45.0,165.0,0.821399001,1.0
108.0,158.0,0.821402,0.0
58.0,121.0,0.821408,0.0
144.0,101.0,0.821409,0.0
86.0,144.0,0.821409,0.0
86.0,38.0,0.821421,0.0
209.0,137.0,0.821433,0.0
54.0,121.0,0.821434,0.0
74.0,129.0,0.821435,0.0
134.0,71.0,0.821435,1.0
180.0,90.0,0.821436,0.0
198.0,100.0,0.821446,1.0
42.0,27.0,0.821449001,0.0
142.0,179.0,0.821455,1.0
89.0,66.0,0.821459,0.0
20.0,127.0,0.8214710009999999,1.0
219.0,96.0,0.821484,0.0
64.0,24.0,0.8214870009999999,0.0
8.0,40.0,0.821493,0.0
81.0,63.0,0.821495001,1.0
76.0,71.0,0.821503,1.0
100.0,143.0,0.8215140009999999,0.0
175.0,77.0,0.8215250009999999,0.0
76.0,162.0,0.8215330009999999,0.0
188.0,111.0,0.821537,1.0
4.0,128.0,0.821538001,0.0
16.0,175.0,0.821539001,0.0
195.0,74.0,0.821549,0.0
168.0,67.0,0.821557001,0.0
113.0,54.0,0.821562,1.0
68.0,137.0,0.821575,0.0
16.0,70.0,0.821577001,0.0
207.0,78.0,0.821581,1.0
194.0,75.0,0.821582,0.0
205.0,103.0,0.821588,1.0
88.0,42.0,0.8215950009999999,1.0
210.0,174.0,0.8216,0.0
108.0,52.0,0.821601,0.0
53.0,146.0,0.821619,1.0
168.0,91.0,0.82162,1.0
157.0,69.0,0.821625,0.0
198.0,94.0,0.821627001,0.0
90.0,86.0,0.821638,0.0
29.0,110.0,0.821649,1.0
235.0,172.0,0.8216530009999999,0.0
191.0,178.0,0.821654001,0.0
167.0,92.0,0.821663,1.0
190.0,23.0,0.821669,0.0
202.0,24.0,0.821677,1.0
73.0,63.0,0.821677,0.0
168.0,99.0,0.821678001,0.0
56.0,25.0,0.8216840009999999,0.0
214.0,125.0,0.8216840009999999,0.0
135.0,171.0,0.821693001,0.0
13.0,178.0,0.821694,1.0
210.0,99.0,0.8216990009999999,1.0
34.0,145.0,0.821704001,0.0
36.0,67.0,0.821704001,0.0
70.0,97.0,0.821721,0.0
98.0,80.0,0.821726,0.0
41.0,55.0,0.8217370009999999,0.0
140.0,157.0,0.8217420009999999,0.0
41.0,168.0,0.821750001,0.0
216.0,115.0,0.821752,0.0
136.0,63.0,0.821753,0.0
196.0,99.0,0.821764,0.0
79.0,70.0,0.821765,1.0
43.0,175.0,0.821766,1.0
67.0,82.0,0.821783,0.0
104.0,93.0,0.821797,1.0
167.0,81.0,0.821798,0.0
200.0,91.0,0.821804,0.0
75.0,145.0,0.821805001,0.0
79.0,135.0,0.821809,0.0
191.0,110.0,0.82181,1.0
42.0,66.0,0.821822,1.0
29.0,108.0,0.821823,0.0
87.0,32.0,0.8218250009999999,1.0
144.0,99.0,0.821832001,0.0
13.0,127.0,0.8218330009999999,1.0
61.0,68.0,0.821834,0.0
89.0,95.0,0.821835,0.0
170.0,42.0,0.821843001,0.0
87.0,30.0,0.821853,1.0
8.0,26.0,0.8218760009999999,1.0
11.0,115.0,0.821882001,0.0
200.0,164.0,0.8218840009999999,0.0
135.0,74.0,0.821886,1.0
196.0,83.0,0.821887,1.0
24.0,165.0,0.8218960009999999,0.0
175.0,97.0,0.821898,0.0
162.0,83.0,0.821899,1.0
85.0,111.0,0.8219080009999999,0.0
38.0,33.0,0.82191,0.0
152.0,172.0,0.8219330009999999,0.0
9.0,47.0,0.821942,0.0
76.0,98.0,0.82195,1.0
130.0,68.0,0.821955,0.0
169.0,97.0,0.821956,0.0
106.0,56.0,0.8219650009999999,0.0
98.0,81.0,0.8219650009999999,1.0
84.0,176.0,0.821976,0.0
12.0,50.0,0.821983001,1.0
48.0,66.0,0.8219840009999999,0.0
40.0,95.0,0.8219840009999999,0.0
40.0,127.0,0.8219890009999999,0.0
32.0,151.0,0.822,0.0
184.0,111.0,0.822001,0.0
144.0,162.0,0.8220110009999999,0.0
214.0,123.0,0.822017001,0.0
68.0,62.0,0.822033,1.0
198.0,157.0,0.8220340009999999,0.0
2.0,141.0,0.822041001,0.0
55.0,65.0,0.8220530009999999,0.0
204.0,174.0,0.822058,0.0
43.0,27.0,0.822059001,0.0
218.0,103.0,0.822067001,0.0
144.0,170.0,0.82207,0.0
88.0,40.0,0.822075,1.0
182.0,90.0,0.822079001,1.0
136.0,61.0,0.8220800009999999,0.0
92.0,177.0,0.8220930009999999,0.0
89.0,86.0,0.822099001,1.0
38.0,32.0,0.8221120009999999,0.0
167.0,91.0,0.822127,1.0
112.0,51.0,0.8221310009999999,0.0
38.0,165.0,0.8221380009999999,0.0
88.0,44.0,0.82214,1.0
197.0,70.0,0.822144001,1.0
122.0,62.0,0.822147,0.0
119.0,59.0,0.822149001,1.0
116.0,58.0,0.822153,0.0
170.0,141.0,0.822156001,0.0
170.0,53.0,0.822166,0.0
87.0,34.0,0.822177,1.0
58.0,143.0,0.822183,0.0
155.0,146.0,0.822207001,0.0
147.0,72.0,0.822216,1.0
167.0,61.0,0.822217,0.0
200.0,97.0,0.822225001,1.0
171.0,95.0,0.8222320009999999,0.0
200.0,94.0,0.822233001,0.0
33.0,165.0,0.8222500009999999,0.0
11.0,102.0,0.822256001,1.0
80.0,66.0,0.822267,1.0
58.0,25.0,0.822267,0.0
95.0,81.0,0.8222690009999999,1.0
74.0,53.0,0.822285,1.0
195.0,85.0,0.822292,1.0
26.0,107.0,0.8222970009999999,0.0
51.0,127.0,0.822302001,0.0
134.0,77.0,0.8223580009999999,0.0
33.0,151.0,0.822360001,0.0
153.0,100.0,0.822364001,1.0
147.0,59.0,0.822368,1.0
53.0,53.0,0.822383001,0.0
107.0,165.0,0.822384001,0.0
117.0,155.0,0.8223850009999999,0.0
222.0,104.0,0.822395,0.0
191.0,79.0,0.8223980009999999,0.0
29.0,156.0,0.8223980009999999,0.0
61.0,149.0,0.822412,0.0
173.0,90.0,0.8224210009999999,0.0
214.0,124.0,0.822425,0.0
97.0,84.0,0.8224360009999999,1.0
214.0,175.0,0.822438,0.0
119.0,64.0,0.822454001,1.0
8.0,76.0,0.8224550009999999,0.0
95.0,80.0,0.8224670009999999,0.0
36.0,114.0,0.822478,0.0
134.0,61.0,0.822482,0.0
45.0,177.0,0.822482,0.0
177.0,97.0,0.822495,1.0
181.0,98.0,0.822514,1.0
100.0,85.0,0.82252,0.0
78.0,52.0,0.8225240009999999,1.0
44.0,97.0,0.822526,0.0
170.0,47.0,0.822535,0.0
43.0,162.0,0.82254,0.0
200.0,178.0,0.8225480009999999,0.0
64.0,52.0,0.822550001,1.0
44.0,149.0,0.822554,1.0
3.0,62.0,0.822559,1.0
45.0,125.0,0.82261,0.0
68.0,125.0,0.82261,0.0
66.0,64.0,0.8226140009999999,0.0
86.0,83.0,0.822615,0.0
174.0,78.0,0.822617,0.0
122.0,117.0,0.822617,1.0
172.0,1.0,0.822624,0.0
45.0,172.0,0.822631001,1.0
87.0,86.0,0.8226330009999999,0.0
110.0,49.0,0.822634,1.0
199.0,98.0,0.822638001,1.0
212.0,133.0,0.822654,0.0
10.0,28.0,0.8226630009999999,1.0
153.0,101.0,0.8226640009999999,1.0
88.0,38.0,0.822665001,1.0
186.0,119.0,0.822668,1.0
74.0,61.0,0.822668,1.0
200.0,98.0,0.822674,1.0
64.0,60.0,0.822675,0.0
97.0,85.0,0.8226760009999999,0.0
12.0,49.0,0.822679,1.0
183.0,117.0,0.8226830009999999,1.0
160.0,99.0,0.822687,1.0
160.0,143.0,0.822687,1.0
39.0,32.0,0.822687,0.0
171.0,106.0,0.822698,1.0
116.0,51.0,0.8227,1.0
88.0,83.0,0.822716001,0.0
143.0,98.0,0.822719,0.0
92.0,95.0,0.822719,1.0
196.0,79.0,0.8227210009999999,1.0
74.0,153.0,0.8227220009999999,0.0
203.0,14.0,0.822725,1.0
139.0,56.0,0.822735001,1.0
178.0,150.0,0.822744,0.0
152.0,67.0,0.822744,1.0
62.0,55.0,0.822747001,1.0
126.0,79.0,0.822759001,0.0
23.0,108.0,0.8227600009999999,1.0
169.0,60.0,0.8227650009999999,0.0
173.0,0.0,0.822766001,0.0
10.0,56.0,0.8227670009999999,1.0
189.0,110.0,0.822775,1.0
48.0,152.0,0.8227790009999999,1.0
7.0,95.0,0.822801,1.0
38.0,176.0,0.8228100009999999,1.0
178.0,88.0,0.8228110009999999,0.0
39.0,42.0,0.822812,0.0
168.0,85.0,0.822813,1.0
196.0,80.0,0.822816001,1.0
87.0,27.0,0.8228220009999999,1.0
99.0,94.0,0.822833,1.0
93.0,87.0,0.8228370009999999,1.0
182.0,89.0,0.822838,1.0
162.0,65.0,0.8228410009999999,1.0
191.0,73.0,0.822843001,1.0
188.0,85.0,0.822867001,0.0
40.0,149.0,0.822874001,0.0
153.0,99.0,0.822886001,1.0
27.0,67.0,0.822903,1.0
147.0,64.0,0.822908,1.0
14.0,178.0,0.822909,0.0
63.0,64.0,0.8229180009999999,0.0
153.0,70.0,0.8229180009999999,0.0
204.0,93.0,0.82292,1.0
92.0,86.0,0.822924001,1.0
59.0,115.0,0.822932001,0.0
85.0,23.0,0.822934,1.0
23.0,114.0,0.8229380009999999,0.0
66.0,62.0,0.822952,1.0
78.0,165.0,0.8229570009999999,1.0
177.0,105.0,0.8229690009999999,1.0
139.0,179.0,0.822974001,0.0
138.0,79.0,0.822984,1.0
10.0,55.0,0.822986,1.0
116.0,52.0,0.82299,1.0
209.0,31.0,0.823001001,1.0
40.0,122.0,0.82301,0.0
200.0,43.0,0.823011,1.0
200.0,47.0,0.823011,1.0
97.0,82.0,0.823013001,1.0
187.0,81.0,0.82303,1.0
80.0,67.0,0.823044001,1.0
86.0,151.0,0.823049,0.0
96.0,125.0,0.82306,0.0
25.0,166.0,0.82306,1.0
13.0,61.0,0.8230650009999999,0.0
70.0,98.0,0.823066,0.0
204.0,96.0,0.82308,0.0
65.0,64.0,0.8230850009999999,0.0
77.0,71.0,0.823087,1.0
122.0,168.0,0.823087,1.0
101.0,162.0,0.823102001,0.0
8.0,147.0,0.8231150009999999,0.0
7.0,69.0,0.8231230009999999,0.0
98.0,94.0,0.82313,1.0
115.0,61.0,0.8231390009999999,1.0
28.0,112.0,0.823153001,1.0
88.0,96.0,0.823157,1.0
171.0,98.0,0.823159001,1.0
77.0,98.0,0.823172001,1.0
175.0,104.0,0.823181,0.0
67.0,64.0,0.823188,0.0
181.0,88.0,0.823189,1.0
100.0,60.0,0.823196,1.0
164.0,91.0,0.8232040009999999,0.0
6.0,130.0,0.8232050009999999,0.0
88.0,82.0,0.823208,1.0
86.0,22.0,0.8232110009999999,0.0
9.0,131.0,0.823221,1.0
186.0,110.0,0.823227,1.0
185.0,115.0,0.823244,1.0
216.0,114.0,0.823249001,0.0
5.0,153.0,0.8232620009999999,0.0
111.0,56.0,0.823275001,1.0
142.0,97.0,0.823287001,1.0
93.0,84.0,0.8233010009999999,0.0
41.0,67.0,0.823322,0.0
39.0,43.0,0.823368001,0.0
164.0,72.0,0.823369001,0.0
134.0,60.0,0.823369001,0.0
78.0,156.0,0.823372,1.0
57.0,65.0,0.8233890009999999,0.0
92.0,168.0,0.823392,1.0
236.0,172.0,0.823393,1.0
38.0,120.0,0.823405,0.0
64.0,64.0,0.8234060009999999,0.0
100.0,93.0,0.823407001,0.0
128.0,75.0,0.823407001,0.0
232.0,177.0,0.8234080009999999,1.0
120.0,164.0,0.8234090009999999,1.0
12.0,111.0,0.823416,1.0
116.0,64.0,0.8234210009999999,0.0
94.0,86.0,0.823445001,1.0
6.0,59.0,0.8234590009999999,1.0
50.0,106.0,0.8234710009999999,1.0
197.0,94.0,0.823488,0.0
199.0,109.0,0.8234900009999999,0.0
169.0,103.0,0.8235,1.0
152.0,70.0,0.8235210009999999,0.0
38.0,31.0,0.823522001,0.0
17.0,60.0,0.823523001,0.0
67.0,62.0,0.823526,1.0
111.0,55.0,0.82353,1.0
65.0,52.0,0.823532,1.0
42.0,54.0,0.8235480009999999,0.0
1.0,127.0,0.823564,1.0
169.0,109.0,0.823565001,0.0
140.0,91.0,0.823576,0.0
193.0,172.0,0.823584001,1.0
38.0,94.0,0.823584001,0.0
75.0,52.0,0.823593001,1.0
217.0,109.0,0.823608,0.0
92.0,87.0,0.823613,1.0
189.0,113.0,0.823634,1.0
78.0,71.0,0.8236370009999999,1.0
130.0,129.0,0.823642001,1.0
185.0,68.0,0.823652,1.0
14.0,153.0,0.823657,1.0
112.0,64.0,0.823665,0.0
199.0,93.0,0.823683,0.0
6.0,103.0,0.823684,1.0
31.0,159.0,0.823689,0.0
220.0,121.0,0.823689,0.0
50.0,26.0,0.823693001,0.0
14.0,130.0,0.823701001,0.0
198.0,109.0,0.823712001,0.0
170.0,44.0,0.823721,0.0
32.0,125.0,0.823728,1.0
200.0,44.0,0.823769001,1.0
136.0,79.0,0.823786,1.0
172.0,65.0,0.823790001,1.0
57.0,63.0,0.823791,1.0
193.0,96.0,0.823791,0.0
175.0,20.0,0.823804,0.0
23.0,110.0,0.823813001,0.0
20.0,154.0,0.8238140009999999,1.0
28.0,161.0,0.8238140009999999,0.0
172.0,3.0,0.823820001,0.0
168.0,103.0,0.8238210009999999,0.0
174.0,109.0,0.823823,0.0
50.0,176.0,0.823828001,0.0
73.0,23.0,0.823843,0.0
18.0,173.0,0.823844,0.0
94.0,84.0,0.823851001,1.0
94.0,56.0,0.8238520009999999,1.0
106.0,58.0,0.8238530009999999,0.0
191.0,77.0,0.823871001,0.0
171.0,37.0,0.823882,0.0
172.0,14.0,0.823902001,0.0
190.0,110.0,0.823928001,1.0
1.0,31.0,0.8239300009999999,1.0
187.0,97.0,0.823937,1.0
213.0,128.0,0.823938,0.0
54.0,70.0,0.8239420009999999,0.0
73.0,170.0,0.823945,0.0
68.0,66.0,0.823952,0.0
167.0,109.0,0.8239530009999999,0.0
180.0,70.0,0.823962,0.0
174.0,39.0,0.823971,0.0
171.0,44.0,0.823974001,0.0
39.0,40.0,0.823996,0.0
107.0,92.0,0.824003,0.0
155.0,166.0,0.824008,0.0
172.0,17.0,0.824008,0.0
8.0,42.0,0.824009,0.0
39.0,95.0,0.8240110009999999,0.0
165.0,96.0,0.824015,0.0
171.0,26.0,0.824048001,0.0
56.0,65.0,0.824048001,0.0
184.0,76.0,0.824075001,1.0
204.0,2.0,0.824077,1.0
86.0,55.0,0.8241000009999999,0.0
111.0,116.0,0.824104,1.0
71.0,23.0,0.824106001,0.0
42.0,108.0,0.824111,0.0
104.0,161.0,0.8241120009999999,0.0
25.0,163.0,0.8241190009999999,0.0
47.0,179.0,0.8241460009999999,0.0
98.0,82.0,0.824161,0.0
72.0,23.0,0.824163001,0.0
171.0,38.0,0.824167,1.0
44.0,152.0,0.824168,0.0
134.0,59.0,0.824172,0.0
202.0,73.0,0.824175001,1.0
177.0,99.0,0.824190001,1.0
40.0,47.0,0.8241960009999999,0.0
169.0,52.0,0.8242080009999999,0.0
81.0,97.0,0.824222001,1.0
138.0,173.0,0.824225,0.0
44.0,175.0,0.824237,0.0
79.0,166.0,0.824238,0.0
179.0,81.0,0.8242390009999999,0.0
171.0,31.0,0.8242400009999999,0.0
110.0,169.0,0.8242400009999999,0.0
89.0,74.0,0.824241001,0.0
181.0,116.0,0.824245001,0.0
76.0,37.0,0.8242470009999999,1.0
182.0,114.0,0.824252001,1.0
87.0,35.0,0.824262,1.0
196.0,84.0,0.824269,1.0
38.0,62.0,0.824271001,1.0
158.0,98.0,0.824283001,0.0
75.0,63.0,0.824289,0.0
177.0,100.0,0.824289,1.0
215.0,118.0,0.8243050009999999,0.0
88.0,45.0,0.8243090009999999,1.0
191.0,158.0,0.824310001,0.0
83.0,105.0,0.824314,1.0
38.0,36.0,0.824330001,0.0
138.0,88.0,0.824330001,0.0
69.0,62.0,0.824342001,1.0
142.0,91.0,0.824368001,1.0
171.0,41.0,0.824379001,0.0
18.0,154.0,0.824382,0.0
20.0,171.0,0.824402,0.0
166.0,86.0,0.8244060009999999,1.0
160.0,98.0,0.824407,0.0
63.0,72.0,0.824422,1.0
172.0,74.0,0.824430001,0.0
111.0,57.0,0.8244310009999999,1.0
36.0,129.0,0.824433,0.0
172.0,7.0,0.824437001,0.0
83.0,22.0,0.824437001,0.0
120.0,59.0,0.82444,1.0
64.0,128.0,0.824452,0.0
70.0,23.0,0.824458,0.0
46.0,55.0,0.8244630009999999,1.0
192.0,170.0,0.824468001,0.0
201.0,93.0,0.824469001,0.0
74.0,23.0,0.8244740009999999,0.0
76.0,59.0,0.8244820009999999,1.0
160.0,171.0,0.824484,0.0
39.0,109.0,0.8244890009999999,0.0
171.0,81.0,0.8244930009999999,1.0
191.0,96.0,0.824498,0.0
72.0,179.0,0.824500001,1.0
221.0,83.0,0.824515,0.0
22.0,172.0,0.824516,1.0
181.0,72.0,0.8245210009999999,1.0
63.0,24.0,0.824524,0.0
91.0,73.0,0.824526001,1.0
112.0,45.0,0.8245320009999999,0.0
46.0,66.0,0.824535,0.0
106.0,47.0,0.8245370009999999,0.0
172.0,134.0,0.824546001,0.0
28.0,116.0,0.824549,1.0
60.0,63.0,0.824557001,1.0
196.0,73.0,0.824557001,0.0
14.0,112.0,0.8245640009999999,0.0
204.0,141.0,0.824565001,1.0
95.0,67.0,0.824606,0.0
234.0,178.0,0.8246090009999999,1.0
106.0,43.0,0.8246100009999999,0.0
40.0,48.0,0.824611,0.0
122.0,61.0,0.824612,0.0
197.0,84.0,0.824615001,1.0
158.0,99.0,0.824625,1.0
92.0,83.0,0.824632,1.0
172.0,15.0,0.824634001,0.0
21.0,89.0,0.824635001,0.0
91.0,85.0,0.8246400009999999,0.0
8.0,160.0,0.824644,0.0
87.0,31.0,0.8246450009999999,1.0
171.0,40.0,0.824649,1.0
176.0,96.0,0.824656,0.0
171.0,30.0,0.824663,0.0
75.0,71.0,0.824665001,1.0
40.0,100.0,0.8246710009999999,0.0
190.0,69.0,0.8246790009999999,1.0
164.0,83.0,0.8246860009999999,1.0
171.0,43.0,0.824687,0.0
86.0,146.0,0.8246910009999999,1.0
169.0,98.0,0.8246910009999999,0.0
157.0,99.0,0.824694,1.0
17.0,175.0,0.8247,0.0
39.0,164.0,0.8247100009999999,0.0
176.0,6.0,0.824713,0.0
167.0,62.0,0.824721,0.0
137.0,73.0,0.824728001,1.0
40.0,166.0,0.8247300009999999,0.0
186.0,114.0,0.8247360009999999,1.0
122.0,117.0,0.824739,0.0
193.0,86.0,0.82474,1.0
166.0,90.0,0.8247490009999999,0.0
32.0,156.0,0.8247670009999999,1.0
74.0,63.0,0.824782,0.0
68.0,69.0,0.8247870009999999,1.0
218.0,102.0,0.824788,0.0
44.0,73.0,0.8247920009999999,0.0
13.0,115.0,0.8247990009999999,1.0
180.0,99.0,0.8248180009999999,1.0
109.0,91.0,0.824821,0.0
51.0,26.0,0.8248250009999999,0.0
183.0,72.0,0.824829,1.0
24.0,170.0,0.824833,1.0
69.0,72.0,0.824836001,1.0
90.0,145.0,0.824843001,0.0
220.0,139.0,0.824844001,0.0
144.0,173.0,0.8248560009999999,0.0
43.0,111.0,0.8248610009999999,0.0
162.0,178.0,0.824863001,1.0
151.0,67.0,0.824867,1.0
68.0,85.0,0.824871,1.0
122.0,173.0,0.824878,1.0
40.0,69.0,0.824879,1.0
200.0,109.0,0.8248800009999999,0.0
197.0,68.0,0.824898,1.0
173.0,73.0,0.824898,0.0
10.0,95.0,0.824908001,1.0
107.0,142.0,0.8249260009999999,0.0
196.0,70.0,0.8249310009999999,1.0
152.0,74.0,0.8249310009999999,1.0
87.0,84.0,0.824942,0.0
28.0,162.0,0.8249450009999999,0.0
128.0,167.0,0.8249460009999999,1.0
68.0,72.0,0.824947,1.0
205.0,133.0,0.824967,0.0
23.0,171.0,0.8249770009999999,1.0
65.0,53.0,0.824993,1.0
18.0,109.0,0.824997001,0.0
66.0,58.0,0.8250030009999999,0.0
196.0,81.0,0.825005,1.0
184.0,118.0,0.825006,0.0
14.0,156.0,0.8250080009999999,1.0
161.0,98.0,0.825021001,0.0
162.0,69.0,0.825025,1.0
168.0,109.0,0.825031,0.0
88.0,46.0,0.825032,1.0
42.0,69.0,0.825032,1.0
181.0,114.0,0.825033001,0.0
174.0,74.0,0.825037,1.0
93.0,95.0,0.825052001,1.0
75.0,67.0,0.825052001,0.0
36.0,63.0,0.825056,1.0
67.0,56.0,0.825057,1.0
91.0,69.0,0.825060001,0.0
202.0,26.0,0.825069,1.0
27.0,106.0,0.8251160009999999,0.0
51.0,179.0,0.825122001,1.0
203.0,145.0,0.8251300009999999,1.0
215.0,151.0,0.825134,1.0
186.0,111.0,0.8251350009999999,1.0
74.0,60.0,0.825149001,0.0
47.0,170.0,0.825158,1.0
68.0,87.0,0.8251730009999999,0.0
44.0,150.0,0.825176,1.0
147.0,106.0,0.825178,1.0
56.0,159.0,0.82519,0.0
224.0,176.0,0.825202,1.0
72.0,63.0,0.825203,0.0
147.0,65.0,0.825203,1.0
178.0,101.0,0.825204,1.0
167.0,84.0,0.825209,1.0
74.0,169.0,0.825215,1.0
197.0,109.0,0.8252200009999999,0.0
221.0,85.0,0.825223,0.0
161.0,56.0,0.825228,1.0
99.0,80.0,0.825230001,1.0
54.0,55.0,0.825235,1.0
128.0,65.0,0.825235,0.0
217.0,108.0,0.8252360009999999,0.0
9.0,70.0,0.8252380009999999,1.0
0.0,127.0,0.825244001,1.0
48.0,26.0,0.825244001,0.0
64.0,77.0,0.8252510009999999,1.0
69.0,93.0,0.825256001,0.0
187.0,113.0,0.8252690009999999,0.0
189.0,160.0,0.825275001,1.0
194.0,170.0,0.825279,0.0
137.0,79.0,0.8252960009999999,1.0
195.0,95.0,0.825318,0.0
21.0,160.0,0.825324,1.0
127.0,76.0,0.825333001,0.0
180.0,89.0,0.825334001,1.0
162.0,60.0,0.825337,1.0
199.0,153.0,0.8253590009999999,0.0
172.0,109.0,0.825367,0.0
29.0,98.0,0.8253710009999999,0.0
116.0,152.0,0.825372001,0.0
162.0,68.0,0.8253770009999999,0.0
28.0,124.0,0.825399,0.0
191.0,97.0,0.8254040009999999,1.0
103.0,93.0,0.825414001,1.0
202.0,27.0,0.8254170009999999,1.0
200.0,92.0,0.825419,0.0
146.0,104.0,0.825423001,0.0
156.0,99.0,0.825424,1.0
159.0,99.0,0.825424,1.0
165.0,72.0,0.825442001,1.0
83.0,96.0,0.825442001,0.0
17.0,112.0,0.8254550009999999,1.0
194.0,87.0,0.8254600009999999,1.0
18.0,111.0,0.8254660009999999,1.0
164.0,92.0,0.825468,0.0
178.0,93.0,0.8254860009999999,0.0
190.0,96.0,0.825492001,0.0
8.0,140.0,0.825494,1.0
120.0,145.0,0.8255,0.0
45.0,66.0,0.825501,0.0
156.0,73.0,0.8255170009999999,0.0
160.0,73.0,0.8255170009999999,1.0
4.0,133.0,0.82552,1.0
40.0,126.0,0.825527,0.0
210.0,137.0,0.825534,0.0
38.0,35.0,0.82554,0.0
18.0,162.0,0.8255410009999999,1.0
96.0,86.0,0.825542001,0.0
87.0,28.0,0.8255430009999999,1.0
80.0,51.0,0.825549001,1.0
81.0,22.0,0.825559,0.0
12.0,41.0,0.825565,1.0
97.0,83.0,0.825581001,0.0
152.0,58.0,0.825583,1.0
176.0,107.0,0.82559,1.0
175.0,109.0,0.825595,0.0
36.0,123.0,0.825598,1.0
112.0,65.0,0.8256010009999999,1.0
45.0,110.0,0.825607001,1.0
195.0,70.0,0.82561,1.0
158.0,65.0,0.825615,0.0
176.0,2.0,0.825617,0.0
181.0,91.0,0.825623,1.0
156.0,69.0,0.8256250009999999,0.0
100.0,61.0,0.8256250009999999,1.0
172.0,5.0,0.8256260009999999,0.0
23.0,113.0,0.825642,0.0
99.0,93.0,0.8256490009999999,0.0
96.0,84.0,0.82566,0.0
164.0,90.0,0.825673,0.0
90.0,84.0,0.825679,0.0
68.0,83.0,0.825698,1.0
13.0,39.0,0.825701001,1.0
34.0,162.0,0.825701001,1.0
193.0,87.0,0.825704,1.0
169.0,54.0,0.825705,0.0
33.0,66.0,0.825705,0.0
156.0,98.0,0.8257070009999999,0.0
60.0,120.0,0.8257070009999999,0.0
46.0,165.0,0.825715001,0.0
32.0,65.0,0.8257210009999999,1.0
82.0,22.0,0.825725,0.0
37.0,138.0,0.825727001,1.0
155.0,65.0,0.825739001,0.0
206.0,77.0,0.825743,0.0
220.0,91.0,0.8257450009999999,0.0
116.0,47.0,0.825746001,1.0
162.0,98.0,0.825747001,0.0
115.0,57.0,0.825755,0.0
38.0,34.0,0.825759001,0.0
28.0,174.0,0.8257600009999999,0.0
56.0,150.0,0.8257640009999999,1.0
14.0,151.0,0.8257640009999999,1.0
173.0,81.0,0.825773,1.0
215.0,121.0,0.825782,0.0
134.0,80.0,0.8257830009999999,1.0
50.0,104.0,0.825785001,0.0
164.0,88.0,0.825796001,0.0
62.0,24.0,0.825797001,0.0
28.0,105.0,0.8258030009999999,0.0
198.0,60.0,0.825806,1.0
180.0,98.0,0.825807,1.0
164.0,85.0,0.8258210009999999,0.0
172.0,63.0,0.825828001,0.0
59.0,61.0,0.8258300009999999,0.0
110.0,55.0,0.825833,0.0
181.0,117.0,0.825838,0.0
64.0,58.0,0.825840001,0.0
43.0,69.0,0.8258480009999999,0.0
173.0,109.0,0.8258600009999999,0.0
216.0,113.0,0.8258650009999999,0.0
129.0,161.0,0.825869,0.0
29.0,130.0,0.8258730009999999,0.0
150.0,81.0,0.825883,0.0
165.0,150.0,0.825886001,0.0
33.0,161.0,0.8258870009999999,0.0
217.0,107.0,0.825888,0.0
10.0,77.0,0.8258910009999999,1.0
149.0,66.0,0.8258920009999999,0.0
167.0,97.0,0.825895,0.0
166.0,81.0,0.8259040009999999,1.0
159.0,98.0,0.825913,0.0
87.0,37.0,0.825924001,1.0
142.0,94.0,0.825926,0.0
176.0,97.0,0.8259290009999999,1.0
25.0,78.0,0.825945,0.0
201.0,109.0,0.825958,0.0
165.0,64.0,0.825965,0.0
10.0,94.0,0.825975001,0.0
67.0,156.0,0.825977,0.0
215.0,120.0,0.8259950009999999,1.0
48.0,165.0,0.8259950009999999,1.0
43.0,163.0,0.825996,1.0
99.0,81.0,0.826011,0.0
171.0,23.0,0.8260190009999999,0.0
213.0,129.0,0.826021,0.0
172.0,0.0,0.826025001,0.0
95.0,82.0,0.8260450009999999,0.0
180.0,76.0,0.8260450009999999,0.0
64.0,146.0,0.826049,0.0
173.0,105.0,0.826054,0.0
33.0,114.0,0.8260570009999999,0.0
215.0,119.0,0.826071001,0.0
186.0,97.0,0.8260810009999999,1.0
197.0,81.0,0.826083001,1.0
199.0,51.0,0.826085,1.0
36.0,65.0,0.826086,0.0
0.0,76.0,0.826087,0.0
195.0,98.0,0.826098,1.0
11.0,56.0,0.82611,1.0
185.0,78.0,0.82611,1.0
194.0,74.0,0.826112,0.0
177.0,80.0,0.8261150009999999,0.0
63.0,55.0,0.826118,1.0
227.0,110.0,0.8261270009999999,0.0
215.0,165.0,0.826133001,0.0
148.0,104.0,0.8261350009999999,1.0
54.0,65.0,0.82615,0.0
157.0,98.0,0.82615,0.0
182.0,69.0,0.826156,0.0
109.0,92.0,0.8261580009999999,1.0
38.0,28.0,0.826168,0.0
11.0,93.0,0.826174,0.0
141.0,78.0,0.826176,1.0
15.0,111.0,0.826179001,0.0
148.0,66.0,0.8261920009999999,0.0
215.0,117.0,0.8261920009999999,0.0
79.0,165.0,0.8262,0.0
143.0,97.0,0.826207,1.0
35.0,65.0,0.826217001,0.0
188.0,111.0,0.82622,1.0
142.0,96.0,0.826222001,0.0
148.0,97.0,0.8262230009999999,0.0
17.0,110.0,0.826225,0.0
163.0,68.0,0.826226,0.0
21.0,116.0,0.8262280009999999,0.0
171.0,109.0,0.826232,0.0
12.0,136.0,0.826237,0.0
218.0,101.0,0.826239,1.0
167.0,101.0,0.826245,0.0
172.0,106.0,0.826245,0.0
40.0,154.0,0.826253001,0.0
183.0,73.0,0.8262540009999999,1.0
9.0,77.0,0.826260001,1.0
29.0,101.0,0.826261001,0.0
176.0,61.0,0.826263,0.0
75.0,60.0,0.826265,1.0
34.0,80.0,0.826275,1.0
196.0,109.0,0.8262780009999999,0.0
164.0,80.0,0.8262810009999999,1.0
194.0,77.0,0.826282,1.0
116.0,44.0,0.826283,1.0
148.0,74.0,0.826287001,0.0
203.0,177.0,0.8262970009999999,0.0
113.0,60.0,0.826298001,0.0
40.0,171.0,0.826298001,0.0
66.0,171.0,0.826298001,1.0
77.0,97.0,0.8263050009999999,0.0
146.0,103.0,0.826306001,0.0
55.0,147.0,0.826309,1.0
217.0,110.0,0.826310001,0.0
176.0,0.0,0.826310001,0.0
205.0,136.0,0.826316,1.0
173.0,3.0,0.826316,0.0
97.0,140.0,0.826325001,0.0
71.0,63.0,0.826326,0.0
70.0,71.0,0.8263360009999999,0.0
118.0,61.0,0.826341,1.0
39.0,41.0,0.8263440009999999,0.0
92.0,73.0,0.8263480009999999,0.0
170.0,91.0,0.826349001,1.0
156.0,66.0,0.8263510009999999,1.0
76.0,63.0,0.826352,0.0
187.0,80.0,0.826353,0.0
219.0,97.0,0.826359,0.0
36.0,128.0,0.826365,0.0
185.0,81.0,0.826369001,0.0
9.0,27.0,0.826376001,1.0
154.0,99.0,0.826379,1.0
213.0,127.0,0.826387001,0.0
57.0,147.0,0.8263890009999999,0.0
147.0,103.0,0.8263940009999999,0.0
11.0,178.0,0.826395001,1.0
48.0,55.0,0.826395001,1.0
11.0,114.0,0.826400001,0.0
24.0,114.0,0.826400001,0.0
29.0,104.0,0.826402,0.0
153.0,81.0,0.8264050009999999,0.0
32.0,125.0,0.826424,0.0
181.0,71.0,0.826426001,0.0
192.0,69.0,0.826427001,1.0
42.0,53.0,0.826428,0.0
172.0,92.0,0.826434,0.0
51.0,78.0,0.826437001,1.0
24.0,111.0,0.826441,0.0
12.0,51.0,0.826457001,1.0
202.0,25.0,0.8264590009999999,1.0
132.0,76.0,0.826464001,1.0
188.0,114.0,0.826467,1.0
202.0,23.0,0.8264700009999999,1.0
68.0,136.0,0.826474,0.0
112.0,45.0,0.826481,0.0
185.0,74.0,0.826486,0.0
50.0,26.0,0.826487,0.0
36.0,101.0,0.826487,0.0
87.0,36.0,0.826495001,1.0
220.0,93.0,0.8264970009999999,0.0
174.0,37.0,0.826513,0.0
178.0,74.0,0.826519,1.0
40.0,123.0,0.8265200009999999,0.0
22.0,91.0,0.8265200009999999,0.0
0.0,40.0,0.826522001,1.0
212.0,132.0,0.826538,0.0
189.0,74.0,0.826545001,0.0
201.0,32.0,0.826546001,1.0
57.0,70.0,0.8265480009999999,0.0
12.0,177.0,0.8265520009999999,1.0
47.0,106.0,0.8265710009999999,0.0
95.0,66.0,0.826576,0.0
91.0,82.0,0.826592001,1.0
170.0,111.0,0.826606,1.0
164.0,98.0,0.826607,0.0
190.0,80.0,0.826613,1.0
87.0,33.0,0.826614,1.0
154.0,65.0,0.826615001,0.0
24.0,116.0,0.826618,1.0
198.0,94.0,0.826625,0.0
173.0,107.0,0.826625,1.0
73.0,153.0,0.8266290009999999,1.0
13.0,149.0,0.826643001,1.0
197.0,69.0,0.826646,1.0
30.0,67.0,0.826661001,0.0
204.0,1.0,0.82667,1.0
169.0,53.0,0.826671,0.0
175.0,102.0,0.826688,1.0
43.0,107.0,0.8266940009999999,0.0
5.0,41.0,0.8266940009999999,0.0
139.0,89.0,0.826701,0.0
172.0,2.0,0.826702,0.0
167.0,67.0,0.8267100009999999,0.0
130.0,69.0,0.826711001,0.0
155.0,99.0,0.8267180009999999,1.0
88.0,173.0,0.826719001,1.0
195.0,109.0,0.82672,0.0
171.0,24.0,0.82672,0.0
157.0,81.0,0.826726,0.0
184.0,120.0,0.826726,1.0
218.0,104.0,0.8267300009999999,0.0
171.0,27.0,0.826731001,0.0
101.0,93.0,0.826759,0.0
1.0,40.0,0.82676,1.0
12.0,132.0,0.8267610009999999,0.0
14.0,91.0,0.826765,1.0
26.0,107.0,0.8267680009999999,0.0
78.0,168.0,0.8267760009999999,0.0
150.0,69.0,0.826779,1.0
21.0,171.0,0.826789001,0.0
84.0,96.0,0.826793001,0.0
79.0,52.0,0.8267990009999999,1.0
162.0,58.0,0.826803,0.0
200.0,94.0,0.826803,0.0
96.0,85.0,0.826809,1.0
91.0,81.0,0.826822,0.0
62.0,115.0,0.826823,1.0
177.0,94.0,0.826840001,1.0
75.0,149.0,0.826841,0.0
176.0,78.0,0.826844001,1.0
209.0,137.0,0.8268450009999999,0.0
192.0,96.0,0.826862,0.0
92.0,176.0,0.826867,1.0
84.0,22.0,0.826868,0.0
14.0,146.0,0.8268690009999999,1.0
176.0,1.0,0.826870001,0.0
175.0,78.0,0.826870001,1.0
141.0,90.0,0.826875,1.0
87.0,38.0,0.826886,1.0
67.0,155.0,0.826893,0.0
65.0,24.0,0.826894,0.0
54.0,25.0,0.8268950009999999,0.0
43.0,176.0,0.826913,1.0
148.0,57.0,0.8269140009999999,0.0
67.0,80.0,0.826917,1.0
170.0,51.0,0.826919,0.0
62.0,67.0,0.826931,1.0
188.0,75.0,0.8269340009999999,0.0
214.0,124.0,0.826944,0.0
22.0,110.0,0.826945,0.0
215.0,122.0,0.8269460009999999,0.0
60.0,55.0,0.826962,1.0
178.0,73.0,0.8269650009999999,0.0
94.0,68.0,0.826982,0.0
42.0,161.0,0.826982,1.0
114.0,167.0,0.826988,0.0
150.0,101.0,0.826995,1.0
174.0,104.0,0.8269960009999999,0.0
172.0,73.0,0.827006,0.0
17.0,109.0,0.827006,0.0
202.0,21.0,0.827009001,1.0
110.0,42.0,0.827027,0.0
186.0,113.0,0.827027,1.0
140.0,162.0,0.827034,0.0
62.0,57.0,0.8270410009999999,0.0
66.0,57.0,0.8270410009999999,1.0
212.0,134.0,0.827056001,0.0
94.0,83.0,0.827060001,0.0
193.0,109.0,0.827067001,0.0
43.0,158.0,0.827071,1.0
136.0,71.0,0.827087001,0.0
52.0,177.0,0.827105001,0.0
192.0,97.0,0.8271120009999999,1.0
135.0,77.0,0.827113001,0.0
62.0,142.0,0.8271240009999999,0.0
35.0,112.0,0.827133,0.0
63.0,61.0,0.827141,0.0
29.0,100.0,0.8271580009999999,0.0
74.0,23.0,0.827168001,0.0
17.0,155.0,0.827178,0.0
181.0,73.0,0.827183001,0.0
201.0,147.0,0.8271960009999999,0.0
89.0,75.0,0.8272150009999999,0.0
69.0,54.0,0.8272190009999999,1.0
95.0,68.0,0.8272190009999999,1.0
94.0,81.0,0.8272200009999999,0.0
216.0,112.0,0.8272270009999999,0.0
116.0,60.0,0.827237,0.0
68.0,138.0,0.827243,0.0
38.0,95.0,0.827243,1.0
22.0,77.0,0.8272590009999999,1.0
44.0,110.0,0.827264001,0.0
170.0,37.0,0.827279,0.0
192.0,74.0,0.827284001,0.0
21.0,88.0,0.827293,0.0
138.0,87.0,0.827298,0.0
154.0,81.0,0.827299,0.0
59.0,150.0,0.827331,0.0
158.0,55.0,0.827334001,0.0
172.0,171.0,0.8273350009999999,0.0
69.0,146.0,0.827336,0.0
91.0,84.0,0.827341001,1.0
133.0,78.0,0.827342001,0.0
171.0,19.0,0.827363,0.0
130.0,129.0,0.8273670009999999,0.0
202.0,145.0,0.827369,0.0
19.0,110.0,0.82737,1.0
198.0,156.0,0.827382,0.0
180.0,90.0,0.8273930009999999,0.0
20.0,85.0,0.827395,0.0
166.0,84.0,0.8274,0.0
186.0,76.0,0.827401,0.0
145.0,101.0,0.827401,1.0
38.0,33.0,0.827402,0.0
130.0,74.0,0.827408,0.0
203.0,7.0,0.827414,1.0
80.0,22.0,0.827415,0.0
202.0,78.0,0.8274160009999999,0.0
53.0,65.0,0.8274170009999999,0.0
111.0,116.0,0.827422001,0.0
168.0,94.0,0.8274240009999999,0.0
12.0,179.0,0.827428,0.0
75.0,53.0,0.827433,1.0
200.0,48.0,0.827439,1.0
167.0,110.0,0.82744,0.0
23.0,165.0,0.827441001,0.0
90.0,82.0,0.827460001,0.0
90.0,86.0,0.827468001,0.0
204.0,139.0,0.827477,0.0
170.0,109.0,0.827478,0.0
151.0,82.0,0.827480001,1.0
180.0,72.0,0.827496,0.0
146.0,102.0,0.8274980009999999,0.0
120.0,169.0,0.827499001,0.0
183.0,77.0,0.827502,1.0
106.0,53.0,0.8275440009999999,0.0
179.0,88.0,0.8275440009999999,0.0
152.0,82.0,0.827545001,1.0
169.0,57.0,0.827546,0.0
54.0,61.0,0.827547,0.0
237.0,118.0,0.827550001,0.0
227.0,178.0,0.827553,0.0
86.0,179.0,0.827555,0.0
39.0,44.0,0.8275640009999999,0.0
192.0,84.0,0.827572,0.0
106.0,57.0,0.827572,0.0
70.0,72.0,0.827573,1.0
71.0,23.0,0.827573,0.0
0.0,160.0,0.827573,0.0
197.0,160.0,0.827573,0.0
144.0,105.0,0.827574,0.0
111.0,50.0,0.827579,0.0
41.0,79.0,0.8275820009999999,1.0
46.0,162.0,0.8275830009999999,0.0
198.0,62.0,0.8275830009999999,1.0
12.0,58.0,0.8275870009999999,0.0
203.0,10.0,0.827589001,1.0
157.0,58.0,0.8275900009999999,0.0
197.0,73.0,0.8275940009999999,0.0
182.0,67.0,0.8275950009999999,1.0
177.0,88.0,0.827596001,0.0
177.0,101.0,0.827596001,1.0
105.0,92.0,0.827597,0.0
180.0,109.0,0.827597,0.0
48.0,163.0,0.827599,1.0
163.0,98.0,0.8276060009999999,0.0
109.0,50.0,0.827625,1.0
179.0,72.0,0.827626001,0.0
44.0,173.0,0.8276320009999999,1.0
7.0,158.0,0.827634001,0.0
218.0,103.0,0.827636,0.0
138.0,123.0,0.827637,0.0
142.0,144.0,0.827637,0.0
67.0,84.0,0.827642,0.0
86.0,39.0,0.827642,0.0
170.0,43.0,0.8276450009999999,0.0
216.0,114.0,0.827647001,0.0
175.0,80.0,0.8276510009999999,1.0
164.0,64.0,0.8276510009999999,0.0
136.0,77.0,0.8276530009999999,0.0
47.0,50.0,0.8276530009999999,0.0
126.0,80.0,0.827665001,0.0
216.0,140.0,0.827670001,0.0
106.0,92.0,0.827684001,0.0
172.0,75.0,0.827685001,0.0
25.0,169.0,0.827686,1.0
93.0,67.0,0.8276950009999999,0.0
191.0,85.0,0.8276950009999999,0.0
154.0,73.0,0.8276980009999999,0.0
175.0,99.0,0.8277,0.0
197.0,76.0,0.8277020009999999,1.0
32.0,110.0,0.827707,1.0
100.0,121.0,0.827713,0.0
200.0,28.0,0.827719,0.0
56.0,79.0,0.827728001,0.0
204.0,79.0,0.827728001,1.0
13.0,113.0,0.827733,0.0
39.0,64.0,0.8277340009999999,0.0
168.0,64.0,0.8277340009999999,1.0
15.0,129.0,0.827744,0.0
62.0,64.0,0.827745,0.0
226.0,110.0,0.82775,1.0
176.0,80.0,0.827751,0.0
33.0,133.0,0.8277530009999999,0.0
13.0,137.0,0.827759001,1.0
194.0,109.0,0.827763,0.0
172.0,8.0,0.827765001,0.0
151.0,68.0,0.8277670009999999,1.0
170.0,42.0,0.827775,0.0
27.0,165.0,0.8277790009999999,0.0
176.0,66.0,0.827781,1.0
78.0,174.0,0.827788,1.0
16.0,114.0,0.827801,0.0
205.0,138.0,0.827802,0.0
12.0,113.0,0.827816001,0.0
54.0,68.0,0.8278250009999999,1.0
164.0,89.0,0.8278290009999999,0.0
183.0,69.0,0.8278300009999999,0.0
41.0,55.0,0.827832,0.0
199.0,55.0,0.827845,1.0
23.0,168.0,0.827845,1.0
165.0,80.0,0.8278490009999999,0.0
10.0,140.0,0.8278570009999999,0.0
106.0,60.0,0.827863001,0.0
151.0,81.0,0.827871,0.0
88.0,83.0,0.8278760009999999,0.0
175.0,87.0,0.827877,0.0
68.0,88.0,0.827881001,0.0
213.0,130.0,0.8278920009999999,1.0
171.0,25.0,0.8278950009999999,0.0
177.0,157.0,0.827896,0.0
52.0,118.0,0.8279000009999999,0.0
72.0,98.0,0.827909,0.0
4.0,128.0,0.8279140009999999,0.0
47.0,55.0,0.827928,1.0
160.0,177.0,0.827929,0.0
236.0,153.0,0.827929,0.0
200.0,78.0,0.827929,0.0
9.0,96.0,0.827932001,1.0
133.0,72.0,0.8279380009999999,1.0
24.0,112.0,0.827943001,0.0
10.0,130.0,0.827946,1.0
132.0,69.0,0.8279580009999999,1.0
161.0,65.0,0.827962001,1.0
34.0,156.0,0.827966,0.0
174.0,77.0,0.827967,0.0
88.0,81.0,0.82798,0.0
166.0,85.0,0.827987,1.0
182.0,113.0,0.8279880009999999,1.0
124.0,169.0,0.827993,0.0
90.0,73.0,0.827998,0.0
201.0,91.0,0.8280030009999999,0.0
15.0,176.0,0.828004,0.0
196.0,100.0,0.8280080009999999,0.0
188.0,78.0,0.828011,0.0
87.0,82.0,0.828012,0.0
197.0,79.0,0.8280140009999999,1.0
113.0,51.0,0.828016,1.0
80.0,150.0,0.828017,0.0
59.0,102.0,0.828017,0.0
48.0,159.0,0.828044,1.0
123.0,164.0,0.8280530009999999,1.0
108.0,59.0,0.828056,0.0
198.0,59.0,0.828056,1.0
44.0,27.0,0.828057,0.0
161.0,69.0,0.828060001,1.0
152.0,98.0,0.828060001,0.0
8.0,101.0,0.828061,0.0
218.0,159.0,0.828063,0.0
33.0,125.0,0.8280650009999999,1.0
198.0,109.0,0.8280700009999999,0.0
58.0,63.0,0.8280770009999999,1.0
24.0,139.0,0.828081,1.0
138.0,76.0,0.828095,0.0
118.0,66.0,0.8281030009999999,1.0
30.0,129.0,0.828118,0.0
182.0,118.0,0.8281220009999999,1.0
73.0,53.0,0.8281220009999999,1.0
85.0,50.0,0.828125,1.0
217.0,109.0,0.828128001,0.0
186.0,110.0,0.828128001,1.0
199.0,93.0,0.828129001,0.0
122.0,64.0,0.8281350009999999,1.0
86.0,56.0,0.828136001,1.0
68.0,139.0,0.828139,0.0
50.0,150.0,0.828143,0.0
69.0,90.0,0.8281530009999999,1.0
40.0,116.0,0.828155001,1.0
171.0,93.0,0.82817,1.0
224.0,176.0,0.828177,0.0
86.0,23.0,0.8281810009999999,1.0
213.0,128.0,0.828182,0.0
150.0,70.0,0.828184,1.0
79.0,69.0,0.828186001,1.0
90.0,87.0,0.8282050009999999,1.0
71.0,126.0,0.8282120009999999,0.0
212.0,133.0,0.828214,0.0
106.0,59.0,0.8282160009999999,0.0
106.0,48.0,0.828227,0.0
44.0,106.0,0.828227,0.0
203.0,9.0,0.828229001,1.0
95.0,109.0,0.828235,0.0
219.0,98.0,0.8282360009999999,0.0
167.0,63.0,0.8282500009999999,0.0
168.0,111.0,0.8282500009999999,1.0
140.0,88.0,0.828256001,1.0
166.0,67.0,0.8282630009999999,0.0
149.0,74.0,0.8282630009999999,0.0
199.0,102.0,0.828267001,1.0
172.0,87.0,0.828268001,0.0
66.0,171.0,0.828276001,1.0
216.0,121.0,0.828284,0.0
29.0,67.0,0.8282890009999999,0.0
158.0,61.0,0.828297,1.0
181.0,115.0,0.828298,0.0
36.0,117.0,0.8283120009999999,0.0
36.0,130.0,0.8283130009999999,1.0
181.0,70.0,0.828314001,0.0
50.0,149.0,0.828317,1.0
180.0,91.0,0.828317,1.0
55.0,72.0,0.828321,1.0
77.0,168.0,0.828322,1.0
168.0,67.0,0.828325001,0.0
201.0,35.0,0.828353,1.0
150.0,67.0,0.8283580009999999,1.0
40.0,50.0,0.828366,0.0
139.0,76.0,0.828367,0.0
34.0,135.0,0.828385,1.0
112.0,61.0,0.828386,0.0
48.0,155.0,0.828388001,1.0
152.0,100.0,0.828392,1.0
63.0,141.0,0.8284,0.0
176.0,106.0,0.8284080009999999,1.0
142.0,152.0,0.828414001,0.0
214.0,123.0,0.828415001,0.0
75.0,23.0,0.828418,0.0
88.0,48.0,0.8284200009999999,1.0
11.0,41.0,0.8284270009999999,1.0
116.0,53.0,0.8284350009999999,1.0
214.0,126.0,0.828436,0.0
178.0,109.0,0.8284400009999999,0.0
91.0,86.0,0.828442,1.0
183.0,120.0,0.828444,1.0
152.0,81.0,0.828449,0.0
56.0,72.0,0.828451,1.0
201.0,34.0,0.828463,1.0
206.0,174.0,0.828464001,0.0
164.0,81.0,0.828465001,1.0
61.0,55.0,0.8284660009999999,1.0
14.0,165.0,0.828469,1.0
68.0,53.0,0.828472001,1.0
180.0,115.0,0.828493,0.0
95.0,85.0,0.828495,1.0
156.0,61.0,0.8285410009999999,1.0
149.0,66.0,0.828545,0.0
24.0,94.0,0.8285470009999999,0.0
42.0,94.0,0.8285470009999999,0.0
199.0,109.0,0.828564,0.0
70.0,127.0,0.828565,0.0
21.0,114.0,0.8285910009999999,0.0
24.0,167.0,0.828593001,1.0
12.0,161.0,0.828597,1.0
47.0,66.0,0.828602,0.0
13.0,160.0,0.82862,1.0
168.0,110.0,0.828626,0.0
202.0,147.0,0.8286320009999999,1.0
171.0,22.0,0.8286550009999999,0.0
89.0,67.0,0.8286560009999999,0.0
90.0,68.0,0.8286560009999999,1.0
57.0,25.0,0.8286760009999999,0.0
80.0,68.0,0.8286870009999999,1.0
200.0,75.0,0.828689001,1.0
171.0,65.0,0.828693001,1.0
74.0,155.0,0.828700001,1.0
40.0,47.0,0.828701001,0.0
219.0,99.0,0.828728,0.0
85.0,22.0,0.828731001,0.0
169.0,72.0,0.828750001,1.0
178.0,80.0,0.828750001,0.0
178.0,94.0,0.828751001,0.0
190.0,86.0,0.828755,1.0
181.0,67.0,0.828756,1.0
218.0,105.0,0.8287570009999999,0.0
177.0,95.0,0.828759001,0.0
34.0,159.0,0.8287630009999999,1.0
55.0,25.0,0.828769001,0.0
18.0,108.0,0.8287720009999999,0.0
179.0,133.0,0.828778001,0.0
183.0,68.0,0.828778001,0.0
171.0,20.0,0.828792,0.0
131.0,74.0,0.828792,0.0
185.0,82.0,0.828794,1.0
160.0,83.0,0.8288070009999999,1.0
110.0,143.0,0.8288100009999999,1.0
217.0,106.0,0.828823,1.0
167.0,109.0,0.828825,1.0
30.0,110.0,0.828831,0.0
187.0,77.0,0.828837,0.0
41.0,66.0,0.828838,1.0
173.0,92.0,0.8288410009999999,1.0
70.0,66.0,0.828849,1.0
192.0,85.0,0.828851,1.0
169.0,111.0,0.828877001,1.0
129.0,78.0,0.828885001,0.0
182.0,115.0,0.8288910009999999,0.0
61.0,179.0,0.8288920009999999,1.0
94.0,85.0,0.828906,0.0
54.0,62.0,0.828909001,0.0
145.0,95.0,0.8289100009999999,1.0
175.0,75.0,0.828913,0.0
55.0,55.0,0.8289220009999999,1.0
170.0,38.0,0.8289230009999999,0.0
179.0,109.0,0.828926,0.0
48.0,66.0,0.828927,0.0
68.0,60.0,0.828932,1.0
176.0,112.0,0.8289340009999999,1.0
70.0,59.0,0.828936001,0.0
72.0,61.0,0.8289420009999999,1.0
64.0,56.0,0.828944,0.0
190.0,96.0,0.8289490009999999,1.0
200.0,42.0,0.82895,1.0
54.0,72.0,0.82895,1.0
169.0,96.0,0.828955001,0.0
59.0,59.0,0.828955001,0.0
170.0,40.0,0.8289690009999999,0.0
49.0,55.0,0.82897,1.0
141.0,92.0,0.8289850009999999,0.0
115.0,44.0,0.828994001,0.0
27.0,105.0,0.8290300009999999,0.0
176.0,109.0,0.829039,0.0
80.0,52.0,0.829048,1.0
6.0,156.0,0.8290570009999999,0.0
58.0,55.0,0.8290570009999999,1.0
43.0,27.0,0.829071,0.0
172.0,4.0,0.829073,0.0
73.0,61.0,0.829086,1.0
169.0,61.0,0.8290880009999999,0.0
67.0,72.0,0.82909,1.0
67.0,55.0,0.82909,1.0
193.0,96.0,0.829099,0.0
197.0,77.0,0.829101001,1.0
157.0,69.0,0.829101001,0.0
48.0,105.0,0.8291080009999999,0.0
88.0,87.0,0.8291190009999999,0.0
15.0,131.0,0.8291260009999999,1.0
55.0,148.0,0.829128,0.0
172.0,81.0,0.82913,1.0
18.0,171.0,0.8291310009999999,1.0
5.0,135.0,0.8291340009999999,1.0
199.0,53.0,0.829135,1.0
113.0,47.0,0.829135,1.0
64.0,29.0,0.829141,0.0
176.0,132.0,0.829142,0.0
180.0,113.0,0.829145001,1.0
171.0,18.0,0.8291460009999999,0.0
176.0,95.0,0.829152001,0.0
122.0,63.0,0.8291580009999999,0.0
96.0,72.0,0.8291650009999999,0.0
172.0,106.0,0.829172001,0.0
196.0,22.0,0.829174,0.0
69.0,155.0,0.829195001,0.0
20.0,110.0,0.8292010009999999,1.0
154.0,82.0,0.8292040009999999,1.0
88.0,50.0,0.829211,1.0
12.0,40.0,0.8292230009999999,1.0
63.0,64.0,0.8292270009999999,0.0
45.0,149.0,0.829231,0.0
177.0,103.0,0.829231,0.0
61.0,64.0,0.8292420009999999,0.0
13.0,92.0,0.829249,1.0
131.0,79.0,0.82925,0.0
19.0,172.0,0.82925,0.0
171.0,28.0,0.829256,0.0
172.0,20.0,0.829268,0.0
69.0,89.0,0.829269,1.0
208.0,166.0,0.829272001,1.0
181.0,118.0,0.829276,0.0
169.0,55.0,0.8292860009999999,0.0
202.0,20.0,0.829301,1.0
184.0,71.0,0.829306,1.0
46.0,109.0,0.829313,1.0
26.0,114.0,0.8293170009999999,1.0
100.0,82.0,0.829319,1.0
8.0,176.0,0.829326,1.0
93.0,83.0,0.82934,1.0
61.0,58.0,0.829341001,0.0
59.0,75.0,0.829342001,0.0
86.0,51.0,0.829349001,1.0
133.0,75.0,0.829351,1.0
188.0,80.0,0.829351,0.0
74.0,71.0,0.829357,1.0
200.0,74.0,0.829379001,0.0
61.0,143.0,0.829384,0.0
140.0,58.0,0.82939,1.0
226.0,125.0,0.829395,0.0
56.0,127.0,0.829396,1.0
53.0,70.0,0.8294010009999999,1.0
20.0,86.0,0.829402,0.0
187.0,114.0,0.829403,1.0
189.0,81.0,0.829404,1.0
85.0,51.0,0.8294050009999999,1.0
163.0,72.0,0.829416,0.0
29.0,98.0,0.8294170009999999,0.0
88.0,41.0,0.829426001,1.0
70.0,23.0,0.8294320009999999,0.0
155.0,73.0,0.829447,0.0
41.0,54.0,0.829449001,0.0
214.0,125.0,0.829452,0.0
170.0,46.0,0.829464001,0.0
170.0,81.0,0.829464001,1.0
175.0,6.0,0.829465,0.0
180.0,95.0,0.829466,1.0
184.0,73.0,0.829468001,1.0
202.0,24.0,0.829477001,1.0
128.0,81.0,0.829484,1.0
192.0,109.0,0.829485,0.0
88.0,51.0,0.829486,1.0
67.0,79.0,0.829488001,1.0
27.0,91.0,0.8294890009999999,1.0
169.0,103.0,0.8294940009999999,1.0
153.0,82.0,0.8294940009999999,1.0
150.0,62.0,0.829497,1.0
64.0,59.0,0.829504,0.0
163.0,58.0,0.829511,0.0
69.0,23.0,0.829518,0.0
127.0,76.0,0.8295200009999999,0.0
95.0,80.0,0.8295250009999999,0.0
193.0,110.0,0.829527001,1.0
180.0,73.0,0.829537,1.0
96.0,54.0,0.8295400009999999,1.0
95.0,94.0,0.829543,0.0
76.0,37.0,0.829545001,0.0
200.0,76.0,0.829553001,0.0
67.0,160.0,0.829554,0.0
215.0,118.0,0.829562,0.0
207.0,159.0,0.8295660009999999,0.0
181.0,80.0,0.829575,0.0
214.0,122.0,0.82958,0.0
89.0,87.0,0.8295830009999999,0.0
164.0,82.0,0.829593,0.0
55.0,146.0,0.829594,0.0
82.0,96.0,0.829594,0.0
201.0,36.0,0.829596001,1.0
111.0,51.0,0.829607,0.0
88.0,95.0,0.829608001,0.0
99.0,82.0,0.8296090009999999,1.0
232.0,126.0,0.8296330009999999,0.0
72.0,170.0,0.829634001,0.0
192.0,110.0,0.8296360009999999,1.0
168.0,109.0,0.8296400009999999,0.0
40.0,146.0,0.829645,0.0
176.0,17.0,0.829647001,1.0
136.0,173.0,0.8296520009999999,1.0
112.0,54.0,0.8296550009999999,1.0
188.0,110.0,0.829661001,1.0
36.0,112.0,0.829668,1.0
94.0,95.0,0.829669,1.0
55.0,166.0,0.82967,0.0
199.0,74.0,0.829682,0.0
192.0,171.0,0.829685001,1.0
157.0,65.0,0.829685001,0.0
94.0,94.0,0.8296860009999999,0.0
6.0,139.0,0.8296870009999999,0.0
73.0,63.0,0.829696,0.0
38.0,34.0,0.8297,0.0
32.0,107.0,0.8297,0.0
56.0,75.0,0.829707,0.0
187.0,112.0,0.829708,1.0
162.0,80.0,0.8297100009999999,0.0
82.0,119.0,0.829711001,0.0
95.0,124.0,0.8297170009999999,0.0
196.0,99.0,0.8297220009999999,0.0
164.0,86.0,0.829738,0.0
203.0,145.0,0.829752,0.0
28.0,104.0,0.829753,0.0
201.0,33.0,0.829771,1.0
187.0,135.0,0.8297750009999999,0.0
27.0,108.0,0.829778,0.0
143.0,123.0,0.8297800009999999,0.0
68.0,89.0,0.829782001,0.0
65.0,137.0,0.829783,0.0
166.0,90.0,0.82979,0.0
188.0,82.0,0.829792001,1.0
218.0,159.0,0.829803,0.0
201.0,97.0,0.8298060009999999,1.0
25.0,113.0,0.829816,0.0
180.0,94.0,0.829823,1.0
134.0,59.0,0.829823,0.0
59.0,62.0,0.829824001,0.0
149.0,102.0,0.8298300009999999,1.0
167.0,82.0,0.829834,1.0
27.0,161.0,0.829841,0.0
191.0,96.0,0.829848,0.0
181.0,92.0,0.829861,1.0
232.0,164.0,0.829862001,0.0
135.0,79.0,0.829868,1.0
178.0,88.0,0.8298690009999999,0.0
59.0,55.0,0.8298840009999999,1.0
7.0,171.0,0.829893,0.0
126.0,118.0,0.8298950009999999,0.0
155.0,61.0,0.829898,1.0
84.0,50.0,0.829899,1.0
169.0,94.0,0.829899,0.0
51.0,105.0,0.8299030009999999,0.0
153.0,74.0,0.829906,1.0
160.0,69.0,0.829916,1.0
40.0,49.0,0.829916,0.0
78.0,167.0,0.829916,1.0
16.0,173.0,0.829917,1.0
54.0,144.0,0.829917,0.0
6.0,136.0,0.829918,1.0
61.0,63.0,0.829918,1.0
198.0,63.0,0.829918,1.0
114.0,61.0,0.8299190009999999,1.0
157.0,61.0,0.8299190009999999,1.0
68.0,54.0,0.8299190009999999,1.0
72.0,53.0,0.8299190009999999,1.0
14.0,114.0,0.829920001,1.0
60.0,121.0,0.829920001,1.0
187.0,97.0,0.829921001,1.0
168.0,98.0,0.829921001,1.0
190.0,76.0,0.829921001,1.0
142.0,77.0,0.8299220009999999,1.0
173.0,77.0,0.8299220009999999,1.0
73.0,72.0,0.8299220009999999,1.0
29.0,66.0,0.829923,1.0
93.0,69.0,0.829923,1.0
94.0,69.0,0.829923,1.0
151.0,69.0,0.829923,1.0
161.0,83.0,0.829924,1.0
168.0,83.0,0.829924,1.0
182.0,82.0,0.829924,1.0
94.0,86.0,0.829925,1.0
97.0,86.0,0.829925,1.0
49.0,150.0,0.829925,1.0
191.0,69.0,0.829929,1.0
111.0,58.0,0.82993,1.0
33.0,163.0,0.829931,1.0
12.0,141.0,0.8299330009999999,1.0
203.0,13.0,0.8299340009999999,1.0
70.0,54.0,0.8299340009999999,1.0
176.0,19.0,0.829935,1.0
29.0,163.0,0.829935,1.0
72.0,149.0,0.829935,1.0
111.0,55.0,0.829936,1.0
110.0,92.0,0.829936,1.0
61.0,148.0,0.829937,1.0
114.0,175.0,0.829937,1.0
183.0,159.0,0.8299380009999999,1.0
44.0,177.0,0.829939001,1.0
75.0,98.0,0.829940001,1.0
58.0,127.0,0.8299410009999999,1.0
164.0,73.0,0.8299410009999999,1.0
69.0,160.0,0.8299450009999999,1.0
67.0,163.0,0.829947001,1.0
80.0,117.0,0.829947001,1.0
198.0,100.0,0.829948,1.0
96.0,63.0,0.829948,1.0
92.0,81.0,0.829949,1.0
43.0,150.0,0.82995,1.0
105.0,147.0,0.829951001,1.0
193.0,170.0,0.829951001,1.0
184.0,69.0,0.829952001,1.0
68.0,62.0,0.829955,1.0
61.0,54.0,0.829956,1.0
62.0,72.0,0.829957,1.0
62.0,58.0,0.829957,1.0
196.0,74.0,0.829957,1.0
199.0,52.0,0.829959001,1.0
24.0,140.0,0.8299600009999999,1.0
14.0,152.0,0.829962,1.0
176.0,162.0,0.829963,1.0
100.0,86.0,0.8299640009999999,1.0
86.0,96.0,0.829969,1.0
171.0,111.0,0.829970001,1.0
70.0,76.0,0.829971001,1.0
76.0,52.0,0.8299720009999999,1.0
38.0,148.0,0.829973,1.0
148.0,62.0,0.829975,1.0
59.0,63.0,0.829976,1.0
88.0,47.0,0.829976,1.0
210.0,99.0,0.829978001,1.0
138.0,73.0,0.829979001,1.0
40.0,48.0,0.830001,0.0
150.0,67.0,0.8300420009999999,1.0
106.0,46.0,0.830077,0.0
64.0,69.0,0.8301230009999999,1.0
21.0,90.0,0.830129001,0.0
186.0,114.0,0.83014,1.0
204.0,134.0,0.830153,0.0
197.0,67.0,0.830216,1.0
50.0,26.0,0.830236,0.0
60.0,58.0,0.830245001,0.0
26.0,106.0,0.830256001,0.0
169.0,109.0,0.830256001,0.0
218.0,102.0,0.830257001,0.0
172.0,19.0,0.8302580009999999,0.0
142.0,98.0,0.830263001,1.0
198.0,76.0,0.830281,1.0
170.0,45.0,0.8302820009999999,0.0
66.0,171.0,0.830285,0.0
77.0,139.0,0.830303001,1.0
10.0,54.0,0.8303470009999999,1.0
164.0,90.0,0.830361,0.0
208.0,137.0,0.8303660009999999,0.0
189.0,75.0,0.830381,0.0
106.0,58.0,0.830384001,0.0
216.0,115.0,0.8303900009999999,0.0
56.0,25.0,0.830391001,0.0
165.0,95.0,0.8303980009999999,0.0
70.0,62.0,0.830403001,1.0
32.0,66.0,0.830403001,0.0
197.0,109.0,0.8304040009999999,0.0
78.0,98.0,0.8304050009999999,1.0
8.0,76.0,0.830427,0.0
116.0,58.0,0.83045,0.0
97.0,61.0,0.830472001,0.0
171.0,32.0,0.830488,0.0
110.0,52.0,0.830496,0.0
163.0,68.0,0.830497,0.0
91.0,85.0,0.830507,0.0
175.0,24.0,0.830519001,1.0
163.0,80.0,0.830542001,1.0
194.0,80.0,0.830546,0.0
6.0,137.0,0.830559,1.0
106.0,61.0,0.830564,0.0
177.0,109.0,0.830565,0.0
98.0,83.0,0.830592,1.0
166.0,82.0,0.8305940009999999,0.0
159.0,98.0,0.8305950009999999,0.0
172.0,77.0,0.830605,0.0
78.0,97.0,0.8306060009999999,0.0
99.0,85.0,0.830622,0.0
70.0,98.0,0.830636,0.0
142.0,96.0,0.830638001,0.0
67.0,26.0,0.830646001,1.0
49.0,26.0,0.8306710009999999,0.0
56.0,55.0,0.830675,1.0
151.0,98.0,0.830686,0.0
215.0,119.0,0.830692,0.0
167.0,90.0,0.830706,1.0
159.0,83.0,0.830706,1.0
166.0,83.0,0.830706,1.0
64.0,57.0,0.830707001,0.0
101.0,83.0,0.830713,1.0
169.0,58.0,0.830738,0.0
217.0,110.0,0.830742,0.0
4.0,30.0,0.8307600009999999,1.0
172.0,10.0,0.8307600009999999,0.0
49.0,177.0,0.830761,0.0
15.0,90.0,0.8307860009999999,1.0
155.0,98.0,0.830788,0.0
106.0,54.0,0.830792001,0.0
175.0,16.0,0.830793,0.0
163.0,69.0,0.830795,1.0
156.0,98.0,0.830802,0.0
175.0,78.0,0.8308030009999999,0.0
169.0,56.0,0.830812,0.0
132.0,72.0,0.830821,1.0
151.0,57.0,0.8308220009999999,0.0
173.0,95.0,0.830823001,0.0
156.0,65.0,0.830836001,0.0
21.0,89.0,0.8308370009999999,0.0
6.0,155.0,0.8308370009999999,0.0
17.0,174.0,0.830844,0.0
184.0,117.0,0.830845,0.0
21.0,87.0,0.830847001,0.0
33.0,132.0,0.830847001,0.0
72.0,23.0,0.830858,0.0
170.0,44.0,0.830862001,0.0
44.0,78.0,0.830862001,0.0
165.0,151.0,0.830866001,0.0
211.0,136.0,0.8308750009999999,0.0
87.0,86.0,0.830878,0.0
110.0,175.0,0.8308790009999999,0.0
176.0,61.0,0.8308800009999999,1.0
155.0,66.0,0.830886001,1.0
69.0,128.0,0.830896,0.0
121.0,57.0,0.8309000009999999,1.0
170.0,65.0,0.830908,1.0
218.0,103.0,0.83091,0.0
49.0,176.0,0.830915,0.0
168.0,72.0,0.8309230009999999,1.0
170.0,72.0,0.8309230009999999,1.0
14.0,177.0,0.8309450009999999,0.0
166.0,163.0,0.830946,0.0
185.0,115.0,0.830946,1.0
0.0,140.0,0.830952,0.0
21.0,140.0,0.830952,0.0
96.0,67.0,0.830954,1.0
134.0,58.0,0.8309570009999999,0.0
142.0,58.0,0.8309570009999999,1.0
101.0,84.0,0.830959,0.0
112.0,42.0,0.8309690009999999,0.0
56.0,68.0,0.830974001,0.0
19.0,171.0,0.830997,0.0
39.0,42.0,0.830998,0.0
228.0,166.0,0.831005,0.0
64.0,24.0,0.83101,0.0
58.0,76.0,0.83101,0.0
201.0,37.0,0.831018,1.0
180.0,82.0,0.831020001,1.0
14.0,90.0,0.831023,0.0
199.0,95.0,0.831037,0.0
64.0,55.0,0.831041,0.0
195.0,159.0,0.831042,0.0
164.0,69.0,0.831049,1.0
52.0,67.0,0.831049,0.0
50.0,143.0,0.8310530009999999,0.0
170.0,41.0,0.8310580009999999,0.0
40.0,150.0,0.831059001,0.0
36.0,79.0,0.831061,0.0
199.0,75.0,0.8310640009999999,1.0
181.0,114.0,0.8310650009999999,0.0
133.0,77.0,0.831066,0.0
200.0,44.0,0.831066,1.0
178.0,76.0,0.8310690009999999,1.0
173.0,94.0,0.831075,0.0
67.0,56.0,0.8310840009999999,1.0
167.0,88.0,0.8310840009999999,1.0
180.0,72.0,0.831085,0.0
90.0,86.0,0.831098,0.0
201.0,78.0,0.831101001,1.0
109.0,42.0,0.831102001,0.0
172.0,1.0,0.831102001,0.0
117.0,66.0,0.831118,1.0
22.0,165.0,0.831119,0.0
30.0,165.0,0.831119,1.0
185.0,97.0,0.831132,1.0
110.0,43.0,0.831137,1.0
27.0,71.0,0.8311390009999999,0.0
199.0,93.0,0.831140001,0.0
198.0,94.0,0.831145,0.0
212.0,132.0,0.831148001,0.0
8.0,97.0,0.8311530009999999,1.0
98.0,84.0,0.831156,0.0
154.0,61.0,0.831162,1.0
193.0,148.0,0.831163,0.0
4.0,29.0,0.831164,1.0
136.0,62.0,0.8311650009999999,0.0
2.0,144.0,0.8311660009999999,0.0
198.0,149.0,0.831174,0.0
38.0,32.0,0.831179001,0.0
26.0,177.0,0.831190001,0.0
146.0,71.0,0.831191001,1.0
33.0,160.0,0.831191001,1.0
86.0,53.0,0.831194,1.0
11.0,95.0,0.831195,1.0
3.0,148.0,0.8312050009999999,0.0
39.0,121.0,0.831213,0.0
44.0,66.0,0.831219,0.0
195.0,95.0,0.831219,0.0
52.0,65.0,0.83122,0.0
174.0,157.0,0.831236001,1.0
111.0,53.0,0.831236001,0.0
66.0,24.0,0.8312420009999999,0.0
130.0,70.0,0.8312470009999999,0.0
98.0,82.0,0.831249001,0.0
182.0,68.0,0.831253,0.0
56.0,139.0,0.831267001,0.0
48.0,105.0,0.831267001,0.0
34.0,155.0,0.831268001,0.0
20.0,117.0,0.831303,0.0
47.0,142.0,0.8313050009999999,0.0
132.0,74.0,0.831314,0.0
14.0,158.0,0.831315,1.0
70.0,94.0,0.831316,1.0
170.0,59.0,0.8313170009999999,0.0
171.0,21.0,0.831326001,0.0
56.0,65.0,0.831329,0.0
1.0,32.0,0.831341,1.0
48.0,164.0,0.831342,1.0
34.0,113.0,0.831342,0.0
11.0,52.0,0.831346,1.0
220.0,90.0,0.831352,0.0
161.0,68.0,0.831353,0.0
142.0,146.0,0.8313690009999999,0.0
170.0,40.0,0.831376001,0.0
169.0,98.0,0.8313820009999999,0.0
194.0,74.0,0.831385,0.0
162.0,65.0,0.831392,1.0
162.0,83.0,0.831392,1.0
201.0,31.0,0.831395001,1.0
48.0,149.0,0.831403,0.0
2.0,39.0,0.8314090009999999,1.0
113.0,173.0,0.8314090009999999,0.0
158.0,98.0,0.831414001,0.0
197.0,94.0,0.831431,0.0
190.0,109.0,0.831438001,0.0
14.0,101.0,0.831438001,1.0
183.0,112.0,0.831457001,0.0
22.0,115.0,0.8314660009999999,0.0
198.0,109.0,0.831473,0.0
171.0,90.0,0.831476001,1.0
5.0,152.0,0.831477001,0.0
162.0,164.0,0.8314900009999999,0.0
182.0,76.0,0.831492,0.0
203.0,6.0,0.831493,1.0
58.0,59.0,0.831503001,0.0
193.0,109.0,0.831507,1.0
68.0,151.0,0.831507,0.0
72.0,63.0,0.831512,0.0
179.0,73.0,0.83152,1.0
60.0,70.0,0.831524,0.0
25.0,108.0,0.83153,0.0
177.0,66.0,0.831531,1.0
197.0,66.0,0.831541001,1.0
176.0,109.0,0.831544,0.0
74.0,122.0,0.83155,0.0
95.0,86.0,0.83155,0.0
180.0,92.0,0.831562,1.0
30.0,159.0,0.831564,0.0
217.0,108.0,0.831565001,0.0
27.0,68.0,0.8315710009999999,0.0
100.0,85.0,0.831581,0.0
12.0,137.0,0.831582,0.0
114.0,44.0,0.831582,0.0
92.0,138.0,0.831589,1.0
198.0,61.0,0.8316050009999999,1.0
110.0,57.0,0.831615,0.0
38.0,120.0,0.8316180009999999,0.0
214.0,124.0,0.8316220009999999,0.0
66.0,169.0,0.831623001,1.0
82.0,51.0,0.8316240009999999,1.0
174.0,109.0,0.8316290009999999,0.0
172.0,7.0,0.831630001,0.0
92.0,82.0,0.831631001,0.0
162.0,68.0,0.831631001,0.0
132.0,73.0,0.8316360009999999,0.0
170.0,39.0,0.8316370009999999,0.0
164.0,91.0,0.831638,0.0
50.0,71.0,0.831642001,1.0
92.0,84.0,0.8316480009999999,0.0
20.0,170.0,0.8316490009999999,0.0
191.0,72.0,0.831657,0.0
58.0,25.0,0.831659,0.0
97.0,81.0,0.831665,1.0
64.0,64.0,0.831665,0.0
81.0,64.0,0.831665,1.0
16.0,175.0,0.831666,0.0
23.0,113.0,0.831672,0.0
171.0,89.0,0.831676,1.0
181.0,113.0,0.831683,0.0
87.0,30.0,0.8316870009999999,1.0
0.0,88.0,0.8316990009999999,0.0
168.0,96.0,0.8317180009999999,0.0
166.0,91.0,0.831721,1.0
55.0,65.0,0.831721,0.0
196.0,77.0,0.831724001,0.0
46.0,107.0,0.8317250009999999,0.0
75.0,61.0,0.831727,1.0
90.0,179.0,0.831728,0.0
24.0,79.0,0.831728,0.0
37.0,28.0,0.8317370009999999,0.0
184.0,82.0,0.831742,0.0
56.0,156.0,0.8317490009999999,0.0
148.0,66.0,0.831755,0.0
204.0,139.0,0.831765,0.0
174.0,80.0,0.831773,0.0
112.0,63.0,0.831773,0.0
114.0,66.0,0.831774,1.0
141.0,96.0,0.83178,0.0
182.0,69.0,0.831781001,0.0
179.0,94.0,0.831781001,1.0
173.0,109.0,0.831787,0.0
195.0,98.0,0.831787,1.0
26.0,166.0,0.8318020009999999,0.0
41.0,27.0,0.831811,0.0
87.0,32.0,0.8318150009999999,1.0
29.0,157.0,0.8318210009999999,1.0
176.0,8.0,0.831827001,1.0
172.0,13.0,0.831831,0.0
214.0,161.0,0.831849,0.0
203.0,140.0,0.831861,0.0
151.0,59.0,0.8318640009999999,0.0
64.0,147.0,0.831867,0.0
56.0,60.0,0.831868,0.0
127.0,66.0,0.8318760009999999,0.0
67.0,24.0,0.8318760009999999,0.0
202.0,22.0,0.831878001,1.0
39.0,43.0,0.83188,0.0
48.0,162.0,0.8318910009999999,1.0
200.0,23.0,0.831892,0.0
186.0,80.0,0.831894,0.0
168.0,103.0,0.8319020009999999,0.0
180.0,67.0,0.831908001,1.0
16.0,139.0,0.831916001,1.0
186.0,69.0,0.8319220009999999,1.0
202.0,109.0,0.8319270009999999,0.0
122.0,151.0,0.831933,1.0
70.0,95.0,0.831937,1.0
62.0,24.0,0.8319420009999999,0.0
75.0,66.0,0.831948001,0.0
39.0,95.0,0.831957,0.0
170.0,102.0,0.831958,1.0
69.0,53.0,0.8319600009999999,1.0
184.0,70.0,0.831964,1.0
93.0,94.0,0.831986001,0.0
171.0,17.0,0.8319910009999999,0.0
39.0,40.0,0.832001,0.0
171.0,16.0,0.832008,0.0
38.0,37.0,0.832009,0.0
151.0,134.0,0.8320110009999999,1.0
134.0,77.0,0.8320420009999999,0.0
57.0,75.0,0.8320490009999999,0.0
37.0,29.0,0.832052,0.0
176.0,105.0,0.832053,1.0
14.0,155.0,0.832059,1.0
172.0,16.0,0.832063001,0.0
190.0,136.0,0.832065,0.0
20.0,85.0,0.8320680009999999,0.0
181.0,116.0,0.832084,0.0
197.0,72.0,0.832086001,1.0
4.0,151.0,0.832087001,0.0
186.0,96.0,0.8321000009999999,1.0
139.0,60.0,0.832101001,0.0
29.0,99.0,0.832101001,0.0
98.0,81.0,0.8321190009999999,1.0
52.0,55.0,0.8321190009999999,1.0
68.0,88.0,0.8321200009999999,0.0
171.0,88.0,0.8321200009999999,1.0
2.0,37.0,0.8321200009999999,1.0
186.0,74.0,0.832121,1.0
153.0,99.0,0.832132001,1.0
212.0,131.0,0.8321390009999999,0.0
194.0,169.0,0.832144001,0.0
153.0,167.0,0.8321460009999999,0.0
202.0,79.0,0.8321460009999999,1.0
109.0,113.0,0.832156001,0.0
176.0,104.0,0.832161,0.0
175.0,18.0,0.832163001,0.0
76.0,169.0,0.8321650009999999,0.0
203.0,8.0,0.832175001,1.0
59.0,25.0,0.832192,0.0
67.0,77.0,0.832195001,1.0
154.0,98.0,0.8322,0.0
49.0,144.0,0.8322010009999999,0.0
158.0,66.0,0.832204,1.0
130.0,78.0,0.832204,0.0
148.0,103.0,0.832222001,1.0
174.0,103.0,0.832222001,1.0
204.0,0.0,0.832223,1.0
51.0,167.0,0.832223,0.0
99.0,59.0,0.8322320009999999,0.0
177.0,96.0,0.8322320009999999,1.0
82.0,22.0,0.832233001,0.0
58.0,147.0,0.8322340009999999,0.0
92.0,87.0,0.8322340009999999,1.0
68.0,110.0,0.8322350009999999,1.0
190.0,96.0,0.832243,0.0
20.0,171.0,0.83225,0.0
139.0,87.0,0.832261,0.0
146.0,103.0,0.8322650009999999,0.0
178.0,74.0,0.8322700009999999,1.0
83.0,50.0,0.832276,1.0
197.0,70.0,0.832282,1.0
206.0,77.0,0.832283001,0.0
164.0,87.0,0.832284001,0.0
213.0,129.0,0.832284001,0.0
181.0,72.0,0.832288,1.0
215.0,116.0,0.832290001,0.0
188.0,135.0,0.832298001,0.0
72.0,66.0,0.832299,1.0
50.0,106.0,0.8323090009999999,0.0
200.0,97.0,0.8323090009999999,1.0
128.0,75.0,0.832312,0.0
108.0,159.0,0.8323230009999999,0.0
60.0,62.0,0.8323350009999999,0.0
159.0,73.0,0.8323360009999999,1.0
94.0,81.0,0.832339,0.0
186.0,67.0,0.8323620009999999,1.0
78.0,22.0,0.8323780009999999,0.0
170.0,87.0,0.832388,0.0
192.0,87.0,0.832388,1.0
74.0,131.0,0.832399001,0.0
164.0,85.0,0.8324050009999999,0.0
228.0,132.0,0.832409,0.0
170.0,98.0,0.83242,1.0
199.0,22.0,0.8324240009999999,1.0
136.0,79.0,0.832435,1.0
41.0,151.0,0.83244,0.0
54.0,65.0,0.832442001,0.0
200.0,92.0,0.8324440009999999,0.0
78.0,52.0,0.832447,1.0
74.0,170.0,0.832450001,0.0
147.0,97.0,0.8324510009999999,0.0
111.0,49.0,0.832456001,0.0
160.0,99.0,0.8324670009999999,1.0
88.0,44.0,0.832476001,1.0
43.0,161.0,0.832496,1.0
26.0,108.0,0.8325010009999999,1.0
180.0,106.0,0.8325010009999999,1.0
179.0,100.0,0.83251,1.0
87.0,96.0,0.83251,1.0
140.0,122.0,0.832515,0.0
182.0,77.0,0.832519001,0.0
196.0,167.0,0.832523,1.0
46.0,54.0,0.8325250009999999,0.0
171.0,34.0,0.8325250009999999,0.0
175.0,97.0,0.832528,0.0
150.0,81.0,0.832542,0.0
38.0,35.0,0.832543,0.0
39.0,41.0,0.8325440009999999,0.0
80.0,65.0,0.832554,1.0
40.0,158.0,0.832558001,1.0
133.0,80.0,0.832562,1.0
37.0,119.0,0.832568,0.0
171.0,44.0,0.832569001,0.0
215.0,117.0,0.832585,0.0
203.0,141.0,0.832585,0.0
146.0,72.0,0.8325900009999999,1.0
58.0,75.0,0.8325900009999999,0.0
191.0,110.0,0.832591,1.0
175.0,112.0,0.8326140009999999,1.0
106.0,50.0,0.832625,0.0
209.0,137.0,0.832627001,0.0
157.0,66.0,0.8326330009999999,1.0
168.0,68.0,0.832637,1.0
111.0,57.0,0.832642,1.0
170.0,103.0,0.832649,1.0
0.0,150.0,0.832656,0.0
183.0,80.0,0.832656,0.0
160.0,65.0,0.832665001,1.0
172.0,65.0,0.832665001,1.0
179.0,104.0,0.83267,1.0
169.0,54.0,0.8326710009999999,0.0
196.0,70.0,0.832673001,1.0
33.0,131.0,0.832682,0.0
162.0,129.0,0.8326830009999999,0.0
170.0,50.0,0.832688,0.0
201.0,161.0,0.832689,0.0
151.0,74.0,0.832692001,1.0
232.0,177.0,0.832693,0.0
196.0,109.0,0.832714,0.0
173.0,52.0,0.832721,0.0
110.0,59.0,0.832725,0.0
153.0,73.0,0.8327370009999999,0.0
146.0,104.0,0.832744,0.0
213.0,126.0,0.832754001,0.0
165.0,81.0,0.832763,1.0
178.0,75.0,0.832765,1.0
142.0,97.0,0.832766001,0.0
22.0,166.0,0.8327720009999999,0.0
38.0,36.0,0.832773001,0.0
195.0,109.0,0.8327800009999999,0.0
184.0,68.0,0.832788,1.0
71.0,72.0,0.832788,1.0
164.0,88.0,0.832795,0.0
86.0,84.0,0.8327980009999999,0.0
10.0,53.0,0.8327990009999999,1.0
2.0,146.0,0.832800001,0.0
152.0,173.0,0.832800001,0.0
28.0,142.0,0.832808,0.0
218.0,111.0,0.832809,0.0
67.0,155.0,0.832809,0.0
42.0,27.0,0.83281,0.0
12.0,114.0,0.832815,0.0
160.0,159.0,0.832819001,0.0
161.0,98.0,0.83282,0.0
189.0,110.0,0.83282,1.0
180.0,77.0,0.832829,1.0
54.0,140.0,0.8328300009999999,0.0
55.0,169.0,0.8328300009999999,0.0
66.0,171.0,0.832833,1.0
216.0,113.0,0.832839,0.0
38.0,64.0,0.8328420009999999,0.0
198.0,60.0,0.8328450009999999,1.0
29.0,160.0,0.832846,0.0
92.0,95.0,0.8328570009999999,1.0
46.0,66.0,0.832872,0.0
13.0,90.0,0.832879,0.0
63.0,179.0,0.8328830009999999,1.0
160.0,98.0,0.832885,0.0
98.0,94.0,0.832885,1.0
154.0,99.0,0.8328990009999999,1.0
188.0,111.0,0.832900001,1.0
186.0,97.0,0.8329070009999999,1.0
51.0,55.0,0.8329250009999999,1.0
163.0,65.0,0.8329340009999999,1.0
161.0,73.0,0.832935,1.0
181.0,112.0,0.8329450009999999,0.0
23.0,151.0,0.832948,0.0
67.0,167.0,0.832948,0.0
83.0,22.0,0.832968,0.0
153.0,98.0,0.8329720009999999,0.0
199.0,98.0,0.8329720009999999,1.0
160.0,56.0,0.832981,1.0
200.0,109.0,0.832992,0.0
25.0,162.0,0.833004,0.0
188.0,113.0,0.833004,1.0
75.0,63.0,0.833005,0.0
48.0,170.0,0.833013,0.0
116.0,50.0,0.833013,1.0
109.0,91.0,0.8330140009999999,0.0
64.0,58.0,0.833025,0.0
53.0,72.0,0.833029001,1.0
161.0,99.0,0.833033001,1.0
222.0,132.0,0.8330340009999999,0.0
202.0,20.0,0.8330540009999999,1.0
66.0,58.0,0.8330540009999999,0.0
82.0,97.0,0.833063,1.0
77.0,52.0,0.8330720009999999,1.0
112.0,46.0,0.833074,0.0
87.0,34.0,0.8330770009999999,1.0
166.0,96.0,0.833079001,1.0
43.0,106.0,0.833102,0.0
215.0,120.0,0.833115,1.0
65.0,62.0,0.833115,1.0
89.0,95.0,0.8331160009999999,0.0
144.0,154.0,0.8331220009999999,0.0
163.0,64.0,0.8331300009999999,0.0
174.0,72.0,0.833133,0.0
201.0,30.0,0.833152,1.0
191.0,109.0,0.833153,0.0
180.0,71.0,0.8331620009999999,0.0
33.0,80.0,0.833164,1.0
184.0,97.0,0.833167001,1.0
50.0,148.0,0.833168001,0.0
226.0,126.0,0.8331690009999999,0.0
72.0,99.0,0.833171,1.0
40.0,27.0,0.8331730009999999,0.0
172.0,6.0,0.833175001,0.0
185.0,110.0,0.8331810009999999,0.0
57.0,72.0,0.8331850009999999,1.0
38.0,33.0,0.833186001,0.0
116.0,51.0,0.833187001,1.0
62.0,63.0,0.833191,1.0
164.0,90.0,0.833195,0.0
144.0,100.0,0.833196,0.0
174.0,89.0,0.833196,0.0
32.0,80.0,0.833197,1.0
69.0,95.0,0.8332000009999999,0.0
184.0,115.0,0.833201,1.0
181.0,73.0,0.833202,0.0
60.0,34.0,0.833208,0.0
126.0,176.0,0.833214,1.0
148.0,104.0,0.833218001,1.0
198.0,74.0,0.83322,1.0
87.0,29.0,0.8332320009999999,1.0
64.0,60.0,0.833234,0.0
74.0,66.0,0.833236001,1.0
71.0,75.0,0.83324,1.0
149.0,98.0,0.833241,0.0
188.0,74.0,0.8332510009999999,0.0
175.0,66.0,0.833254,1.0
80.0,97.0,0.833259,1.0
167.0,97.0,0.833259,0.0
86.0,55.0,0.8332690009999999,0.0
216.0,118.0,0.833271,0.0
48.0,77.0,0.8332770009999999,0.0
40.0,46.0,0.8332810009999999,0.0
95.0,83.0,0.833283001,1.0
144.0,70.0,0.833284,0.0
172.0,109.0,0.8332880009999999,0.0
12.0,48.0,0.833292,1.0
79.0,68.0,0.8333000009999999,1.0
213.0,171.0,0.8333000009999999,0.0
140.0,78.0,0.833306001,1.0
190.0,69.0,0.833307001,1.0
181.0,77.0,0.83331,1.0
107.0,57.0,0.8333130009999999,0.0
36.0,80.0,0.833318,1.0
199.0,54.0,0.8333200009999999,1.0
138.0,87.0,0.8333270009999999,0.0
76.0,98.0,0.833333001,1.0
39.0,44.0,0.833333001,0.0
40.0,93.0,0.833338001,0.0
47.0,164.0,0.8333460009999999,0.0
190.0,97.0,0.83335,1.0
112.0,60.0,0.8333580009999999,0.0
172.0,5.0,0.833372001,0.0
147.0,102.0,0.833372001,0.0
76.0,71.0,0.833379,1.0
22.0,108.0,0.8333960009999999,1.0
170.0,99.0,0.8333970009999999,0.0
155.0,65.0,0.8334010009999999,0.0
155.0,52.0,0.833415001,0.0
31.0,65.0,0.8334230009999999,1.0
201.0,96.0,0.833424,1.0
182.0,116.0,0.833425,1.0
212.0,133.0,0.833426,0.0
146.0,73.0,0.8334270009999999,1.0
169.0,100.0,0.833431,1.0
176.0,96.0,0.833432,0.0
194.0,95.0,0.833437,0.0
90.0,85.0,0.833438,1.0
12.0,93.0,0.833444,1.0
107.0,48.0,0.833449,1.0
81.0,68.0,0.83345,1.0
13.0,38.0,0.8334520009999999,1.0
199.0,50.0,0.833465001,1.0
91.0,83.0,0.833477,0.0
156.0,69.0,0.8334850009999999,0.0
221.0,145.0,0.8334860009999999,0.0
79.0,51.0,0.8334900009999999,1.0
52.0,56.0,0.833496,1.0
10.0,42.0,0.833499001,1.0
181.0,71.0,0.833499001,0.0
87.0,35.0,0.833504001,1.0
71.0,99.0,0.833510001,1.0
155.0,99.0,0.833510001,1.0
172.0,107.0,0.8335170009999999,1.0
68.0,85.0,0.83352,1.0
216.0,114.0,0.833521,0.0
155.0,70.0,0.833521,1.0
230.0,107.0,0.833522001,0.0
35.0,142.0,0.833525,1.0
218.0,165.0,0.833528,0.0
175.0,87.0,0.8335440009999999,0.0
154.0,154.0,0.833546,0.0
192.0,96.0,0.833564,0.0
172.0,17.0,0.83357,0.0
192.0,73.0,0.833577,1.0
152.0,59.0,0.833581001,0.0
175.0,80.0,0.8335820009999999,0.0
204.0,103.0,0.833596,1.0
136.0,65.0,0.833597,0.0
192.0,69.0,0.833600001,1.0
200.0,77.0,0.833608,0.0
83.0,96.0,0.8336130009999999,0.0
160.0,80.0,0.833615,0.0
168.0,99.0,0.833616,0.0
99.0,81.0,0.833630001,0.0
20.0,174.0,0.8336320009999999,1.0
197.0,65.0,0.8336330009999999,1.0
200.0,43.0,0.833639001,1.0
176.0,80.0,0.8336450009999999,0.0
62.0,68.0,0.833657001,1.0
62.0,120.0,0.833657001,1.0
170.0,101.0,0.833665,1.0
48.0,150.0,0.833673,1.0
66.0,78.0,0.833679,0.0
15.0,156.0,0.8336820009999999,0.0
144.0,94.0,0.8336940009999999,0.0
224.0,176.0,0.833700001,1.0
61.0,100.0,0.833708001,0.0
147.0,63.0,0.833715001,1.0
88.0,49.0,0.833715001,1.0
88.0,82.0,0.833716,1.0
55.0,68.0,0.8337210009999999,1.0
36.0,118.0,0.833723,0.0
136.0,63.0,0.83373,0.0
5.0,60.0,0.8337320009999999,0.0
228.0,163.0,0.833736,1.0
182.0,115.0,0.833744,0.0
164.0,81.0,0.833747001,1.0
194.0,76.0,0.833748,1.0
176.0,61.0,0.833748,0.0
6.0,99.0,0.833756,1.0
31.0,106.0,0.833766001,0.0
166.0,82.0,0.83378,0.0
27.0,162.0,0.833781,0.0
173.0,73.0,0.833782,0.0
107.0,56.0,0.8337840009999999,0.0
176.0,11.0,0.833785001,1.0
18.0,82.0,0.833788,1.0
106.0,43.0,0.833789001,0.0
181.0,81.0,0.833789001,0.0
35.0,101.0,0.833792,0.0
201.0,139.0,0.833793,1.0
131.0,71.0,0.8337950009999999,0.0
31.0,149.0,0.833804001,0.0
200.0,75.0,0.8338170009999999,1.0
172.0,74.0,0.833828001,0.0
187.0,113.0,0.833831,0.0
2.0,34.0,0.833832,1.0
29.0,115.0,0.833833,1.0
57.0,55.0,0.833843,1.0
105.0,93.0,0.8338480009999999,1.0
97.0,83.0,0.8338530009999999,0.0
43.0,27.0,0.8338530009999999,0.0
232.0,161.0,0.833862,1.0
93.0,75.0,0.833871,1.0
50.0,55.0,0.833877,1.0
174.0,38.0,0.833878001,0.0
204.0,138.0,0.8338790009999999,0.0
29.0,80.0,0.833896,1.0
156.0,99.0,0.833907,1.0
4.0,96.0,0.833913,1.0
69.0,93.0,0.833915,0.0
78.0,67.0,0.833927,1.0
191.0,79.0,0.833932,0.0
172.0,2.0,0.833933,0.0
65.0,54.0,0.833948001,0.0
8.0,70.0,0.8339560009999999,0.0
174.0,105.0,0.83396,0.0
67.0,83.0,0.8339610009999999,0.0
102.0,93.0,0.833972,1.0
122.0,170.0,0.833975001,1.0
106.0,56.0,0.833979,0.0
61.0,24.0,0.8339800009999999,0.0
71.0,133.0,0.8339870009999999,0.0
99.0,135.0,0.833994001,0.0
172.0,3.0,0.8339990009999999,0.0
172.0,25.0,0.8339990009999999,0.0
39.0,113.0,0.834012001,0.0
89.0,155.0,0.8340180009999999,1.0
44.0,70.0,0.8340260009999999,1.0
87.0,84.0,0.834027,0.0
168.0,97.0,0.834047,0.0
26.0,107.0,0.834051001,0.0
83.0,176.0,0.834056001,1.0
44.0,175.0,0.83406,0.0
182.0,70.0,0.8340620009999999,0.0
40.0,79.0,0.834067,1.0
7.0,98.0,0.834072,1.0
111.0,42.0,0.8340770009999999,0.0
42.0,65.0,0.8340880009999999,1.0
11.0,179.0,0.834091,1.0
176.0,97.0,0.834093,1.0
196.0,166.0,0.8340950009999999,1.0
0.0,42.0,0.834102001,1.0
74.0,63.0,0.834124,0.0
72.0,179.0,0.834124,0.0
162.0,72.0,0.834125,0.0
88.0,87.0,0.834136,0.0
73.0,98.0,0.8341390009999999,0.0
70.0,24.0,0.834140001,0.0
199.0,109.0,0.834143,0.0
115.0,66.0,0.834149,1.0
62.0,61.0,0.8341540009999999,0.0
147.0,57.0,0.834155,0.0
8.0,127.0,0.834171001,0.0
56.0,25.0,0.8341730009999999,0.0
76.0,97.0,0.834179001,0.0
153.0,61.0,0.8341840009999999,1.0
165.0,92.0,0.8341840009999999,1.0
175.0,106.0,0.834188,1.0
157.0,98.0,0.8341920009999999,0.0
135.0,74.0,0.8341960009999999,1.0
164.0,80.0,0.834198001,0.0
194.0,99.0,0.8342040009999999,1.0
49.0,78.0,0.834207,1.0
190.0,110.0,0.8342160009999999,1.0
181.0,90.0,0.834217001,1.0
187.0,112.0,0.83422,1.0
88.0,84.0,0.834225,1.0
208.0,155.0,0.8342340009999999,1.0
208.0,174.0,0.8342340009999999,1.0
175.0,109.0,0.8342350009999999,0.0
10.0,55.0,0.834240001,1.0
130.0,77.0,0.834265,1.0
162.0,99.0,0.834265,1.0
210.0,137.0,0.834279001,0.0
175.0,104.0,0.834294,0.0
167.0,62.0,0.834310001,0.0
196.0,83.0,0.8343360009999999,1.0
65.0,69.0,0.834337001,0.0
131.0,179.0,0.834341,1.0
164.0,72.0,0.834372,0.0
198.0,58.0,0.8343930009999999,1.0
57.0,105.0,0.834398,1.0
64.0,24.0,0.834404,0.0
164.0,93.0,0.834407001,0.0
165.0,94.0,0.8344080009999999,0.0
167.0,67.0,0.834417,0.0
37.0,112.0,0.834418001,0.0
8.0,58.0,0.834424,1.0
200.0,91.0,0.8344250009999999,0.0
181.0,82.0,0.834441,1.0
108.0,49.0,0.834442,1.0
194.0,137.0,0.834446001,0.0
98.0,85.0,0.834454,1.0
38.0,149.0,0.834457001,1.0
156.0,70.0,0.8344630009999999,1.0
203.0,4.0,0.834468,1.0
195.0,78.0,0.834468,1.0
135.0,72.0,0.834469001,0.0
100.0,93.0,0.8344780009999999,0.0
56.0,152.0,0.834479,0.0
54.0,25.0,0.83448,0.0
87.0,51.0,0.8344820009999999,1.0
62.0,57.0,0.834484001,0.0
190.0,78.0,0.8344900009999999,1.0
5.0,72.0,0.834496001,0.0
48.0,160.0,0.834498,1.0
63.0,24.0,0.834498,0.0
167.0,109.0,0.8345080009999999,0.0
146.0,106.0,0.834514001,1.0
157.0,69.0,0.8345160009999999,0.0
80.0,67.0,0.8345160009999999,1.0
198.0,94.0,0.834517,0.0
194.0,75.0,0.8345210009999999,0.0
43.0,175.0,0.834525,1.0
188.0,110.0,0.8345350009999999,1.0
64.0,101.0,0.834546001,1.0
147.0,74.0,0.8345470009999999,0.0
175.0,132.0,0.8345470009999999,0.0
48.0,172.0,0.834549,0.0
145.0,163.0,0.834557,0.0
237.0,113.0,0.834557,0.0
156.0,81.0,0.834562,0.0
171.0,36.0,0.8345660009999999,1.0
52.0,71.0,0.8345660009999999,0.0
165.0,80.0,0.8345670009999999,0.0
205.0,97.0,0.83457,1.0
99.0,61.0,0.834572001,1.0
170.0,43.0,0.834577001,0.0
170.0,36.0,0.8345780009999999,0.0
83.0,97.0,0.834594,1.0
58.0,153.0,0.834595,1.0
58.0,72.0,0.834595,1.0
79.0,22.0,0.8345970009999999,0.0
3.0,149.0,0.8346020009999999,0.0
75.0,60.0,0.834604001,1.0
145.0,104.0,0.8346280009999999,0.0
169.0,104.0,0.8346280009999999,1.0
213.0,128.0,0.834635001,0.0
112.0,54.0,0.834653001,1.0
1.0,30.0,0.8346550009999999,1.0
58.0,144.0,0.8346670009999999,0.0
98.0,93.0,0.8346740009999999,0.0
106.0,57.0,0.834695,0.0
28.0,97.0,0.834697,0.0
218.0,103.0,0.8347060009999999,0.0
203.0,5.0,0.834708,1.0
7.0,159.0,0.834715,0.0
209.0,99.0,0.8347170009999999,1.0
65.0,64.0,0.8347320009999999,0.0
131.0,68.0,0.834738001,1.0
40.0,48.0,0.834739,0.0
26.0,111.0,0.83474,0.0
158.0,99.0,0.834743001,1.0
221.0,82.0,0.834750001,0.0
214.0,123.0,0.8347570009999999,0.0
94.0,82.0,0.834766,1.0
177.0,104.0,0.834769001,1.0
217.0,107.0,0.834771,0.0
166.0,85.0,0.8347760009999999,1.0
167.0,85.0,0.8347760009999999,1.0
78.0,93.0,0.834777,0.0
88.0,81.0,0.834785,0.0
216.0,112.0,0.834786,0.0
158.0,57.0,0.8347990009999999,0.0
178.0,106.0,0.8347990009999999,1.0
87.0,31.0,0.834809,1.0
217.0,109.0,0.834824,0.0
66.0,62.0,0.8348260009999999,1.0
75.0,71.0,0.834827001,1.0
175.0,79.0,0.834831001,1.0
47.0,26.0,0.8348330009999999,0.0
197.0,74.0,0.834834,0.0
156.0,66.0,0.8348530009999999,1.0
200.0,45.0,0.834858001,1.0
167.0,63.0,0.8348710009999999,0.0
49.0,77.0,0.83488,0.0
96.0,82.0,0.834881,1.0
151.0,125.0,0.834885,0.0
70.0,63.0,0.834887,0.0
152.0,101.0,0.834912,1.0
99.0,171.0,0.8349150009999999,1.0
202.0,19.0,0.834917,1.0
84.0,51.0,0.8349210009999999,1.0
108.0,173.0,0.834923,1.0
38.0,34.0,0.834924,0.0
10.0,48.0,0.834924,0.0
207.0,137.0,0.8349290009999999,0.0
18.0,83.0,0.8349330009999999,1.0
55.0,150.0,0.8349340009999999,1.0
165.0,91.0,0.834935001,1.0
170.0,81.0,0.834940001,1.0
14.0,139.0,0.834942,0.0
48.0,151.0,0.8349460009999999,1.0
68.0,86.0,0.834948001,1.0
38.0,111.0,0.834954001,0.0
145.0,61.0,0.8349610009999999,0.0
164.0,64.0,0.834962,0.0
153.0,81.0,0.834967001,0.0
178.0,93.0,0.834968,0.0
13.0,135.0,0.834990001,1.0
4.0,61.0,0.835,1.0
48.0,26.0,0.835017001,0.0
186.0,135.0,0.835019,0.0
168.0,101.0,0.83502,1.0
84.0,22.0,0.835028001,0.0
92.0,108.0,0.8350300009999999,0.0
147.0,106.0,0.83504,1.0
169.0,50.0,0.8350410009999999,0.0
218.0,104.0,0.8350410009999999,0.0
169.0,68.0,0.8350420009999999,1.0
24.0,164.0,0.835047001,0.0
148.0,74.0,0.8350490009999999,0.0
231.0,154.0,0.8350600009999999,0.0
178.0,95.0,0.8350600009999999,1.0
168.0,109.0,0.835072,0.0
170.0,111.0,0.835078,1.0
88.0,54.0,0.8350800009999999,1.0
168.0,102.0,0.835089,0.0
45.0,66.0,0.835095,0.0
45.0,55.0,0.835095,1.0
102.0,111.0,0.835098001,0.0
102.0,143.0,0.835098001,1.0
70.0,127.0,0.835109,0.0
89.0,86.0,0.8351120009999999,0.0
11.0,40.0,0.8351190009999999,1.0
141.0,97.0,0.835125001,1.0
104.0,93.0,0.835128,1.0
116.0,66.0,0.835147,1.0
10.0,57.0,0.835159,1.0
193.0,86.0,0.835165,1.0
180.0,98.0,0.835165,1.0
21.0,77.0,0.835167,1.0
191.0,97.0,0.835173,1.0
150.0,101.0,0.835173,1.0
16.0,112.0,0.8351760009999999,1.0
138.0,72.0,0.835179,1.0
170.0,106.0,0.835182001,1.0
202.0,21.0,0.83519,1.0
144.0,100.0,0.83519,0.0
81.0,97.0,0.835191,1.0
169.0,52.0,0.835191,0.0
31.0,129.0,0.8352010009999999,1.0
59.0,149.0,0.835204,1.0
130.0,74.0,0.835213001,0.0
173.0,99.0,0.8352190009999999,0.0
60.0,24.0,0.8352270009999999,0.0
35.0,65.0,0.8352380009999999,0.0
174.0,36.0,0.8352460009999999,0.0
0.0,43.0,0.83525,1.0
137.0,71.0,0.835262,0.0
21.0,80.0,0.835267,0.0
59.0,99.0,0.835276001,0.0
119.0,162.0,0.835276001,1.0
18.0,155.0,0.835283001,0.0
181.0,117.0,0.835287,0.0
68.0,23.0,0.835293,0.0
172.0,73.0,0.835295001,0.0
33.0,64.0,0.8353,1.0
29.0,98.0,0.8353010009999999,0.0
172.0,9.0,0.8353040009999999,0.0
151.0,98.0,0.835307,0.0
167.0,87.0,0.8353150009999999,0.0
4.0,151.0,0.835326,0.0
146.0,96.0,0.835333001,1.0
20.0,158.0,0.835333001,1.0
66.0,174.0,0.835334001,1.0
29.0,100.0,0.8353650009999999,0.0
87.0,36.0,0.8353780009999999,1.0
30.0,144.0,0.835383,1.0
74.0,169.0,0.835383,1.0
66.0,66.0,0.835392001,0.0
140.0,76.0,0.835394,0.0
5.0,128.0,0.835401,0.0
41.0,55.0,0.835402,0.0
88.0,46.0,0.835403001,1.0
71.0,102.0,0.835407,0.0
132.0,80.0,0.835408,1.0
